feature_0,feature_1,feature_2,feature_3,feature_4,feature_5,feature_6,feature_7,feature_8,feature_9,feature_10,feature_11,feature_12,feature_13,feature_14,feature_15,feature_16,feature_17,feature_18,feature_19,feature_20,feature_21,feature_22,feature_23,feature_24,feature_25,feature_26,feature_27,feature_28,feature_29,feature_30,feature_31,feature_32,feature_33,feature_34,feature_35,feature_36,feature_37,feature_38,feature_39,feature_40,feature_41,label
0.048156738280956075,0.03106689453106038,0.016540527343649043,0.011535644531179591,0.008911132812445611,0.008300781249949336,0.009521484374941885,0.009216308593693748,0.01159667968742922,0.01062011718743518,0.013183593749919533,0.020141601562377064,0.02435302734360136,0.016296386718650534,0.01062011718743518,0.010986328124932944,0.008117675781200453,0.007568359374953806,0.007324218749955296,0.009216308593693748,0.010009765624938905,0.013305664062418789,0.015991210937402398,0.023498535156106577,0.21392822265494427,0.4299926757786255,0.1064453125,0.1083984375,0.1015625,0.0986328125,0.28125,0.1533203125,0.13671875,0.2373046875,0.2421875,0.1181640625,0.064453125,0.232421875,0.279296875,0.2314453125,0.0751953125,0.1630859375,1
0.04797363281220719,0.030395507812314478,0.01757812499989271,0.011413574218680337,0.009765624999940395,0.008178710937450082,0.009277343749943375,0.009399414062442631,0.01208496093742624,0.0111083984374322,0.01184082031242773,0.020690917968623712,0.024475097656100616,0.016052246093652023,0.010192871093687788,0.011535644531179591,0.007324218749955296,0.007690429687453061,0.007202148437456041,0.009521484374941885,0.009033203124944865,0.012878417968671396,0.017700195312391965,0.02551269531234428,0.21301269531119987,0.4281616210911367,0.09765625,0.099609375,0.1044921875,0.103515625,0.2041015625,0.1279296875,0.1728515625,0.29296875,0.236328125,0.072265625,0.11328125,0.240234375,0.189453125,0.087890625,0.2392578125,0.28125,1
0.04797363281220719,0.030395507812314478,0.01757812499989271,0.011413574218680337,0.009765624999940395,0.008178710937450082,0.009277343749943375,0.009399414062442631,0.01208496093742624,0.0111083984374322,0.01184082031242773,0.020690917968623712,0.024475097656100616,0.016052246093652023,0.010192871093687788,0.011535644531179591,0.007324218749955296,0.007690429687453061,0.007202148437456041,0.009521484374941885,0.009033203124944865,0.012878417968671396,0.017700195312391965,0.02551269531234428,0.21301269531119987,0.4281616210911367,0.28125,0.2392578125,0.07421875,0.1826171875,0.2412109375,0.11328125,0.072265625,0.236328125,0.2841796875,0.1728515625,0.1357421875,0.21484375,0.1044921875,0.1044921875,0.099609375,0.1083984375,1
0.027343749999833106,0.018737792968635633,0.011474609374929964,0.0066528320312093945,0.005920410156213865,0.006408691406210885,0.006408691406210885,0.007568359374953806,0.009826660156190022,0.010498046874935925,0.010803222656184061,0.020690917968623712,0.021179199218620732,0.03112792968731001,0.015380859374906122,0.027648925781081243,0.010498046874935925,0.0246582031248495,0.00988769531243965,0.014038085937414319,0.012939453124921023,0.02008056640612744,0.030273437499815224,0.0260009765623413,0.21191406249870656,0.40203857421629613,0.0576171875,0.03125,0.03125,0.03125,0.115234375,0.1767578125,0.123046875,0.0,0.20703125,0.1962890625,0.072265625,0.1806640625,0.2978515625,0.2421875,0.0830078125,0.2421875,1
0.04736328124971092,0.03161621093730703,0.016967773437396437,0.011291503906181081,0.009155273437444121,0.008178710937450082,0.009155273437444121,0.009582519531191512,0.01226806640617512,0.01232910156242475,0.013122558593669906,0.01904296874988377,0.02410888671860285,0.024841308593598378,0.009704589843690768,0.020141601562377064,0.007568359374953806,0.0166625976561483,0.006164550781212375,0.009216308593693748,0.009399414062442631,0.01324462890616916,0.016052246093652023,0.02386474609360434,0.18554687499886752,0.43341064452860467,0.0830078125,0.0771484375,0.0771484375,0.0791015625,0.232421875,0.130859375,0.0966796875,0.115234375,0.228515625,0.076171875,0.0576171875,0.1708984375,0.27734375,0.1806640625,0.060546875,0.119140625,1
0.04528808593722358,0.025207519531096144,0.016967773437396437,0.011169433593681827,0.008666992187447101,0.008728027343696728,0.007507324218704179,0.009765624999940395,0.010192871093687788,0.011047363281182571,0.012939453124921023,0.01904296874988377,0.02319335937485844,0.016845703124897183,0.011047363281182571,0.008361816406198963,0.007568359374953806,0.007141113281206414,0.006958007812457531,0.007690429687453061,0.009277343749943375,0.008544921874947846,0.015747070312403886,0.023254394531108065,0.28320312499827144,0.3846435546851523,0.0439453125,0.1025390625,0.1328125,0.095703125,0.30859375,0.1630859375,0.1220703125,0.2177734375,0.2138671875,0.16796875,0.056640625,0.1748046875,0.134765625,0.267578125,0.20703125,0.150390625,1
0.044738769530976934,0.027587890624831617,0.017333984374894203,0.012145996093675867,0.007629394531203434,0.009033203124944865,0.009216308593693748,0.009826660156190022,0.009582519531191512,0.009765624999940395,0.01184082031242773,0.01495361328115873,0.020324707031125946,0.018371582031137867,0.010742187499934434,0.008972167968695238,0.0066528320312093945,0.007507324218704179,0.005859374999964237,0.007812499999952316,0.008666992187447101,0.011474609374929964,0.015747070312403886,0.022277832031114025,0.2838134765607677,0.38812255859138106,0.1181640625,0.130859375,0.1015625,0.0380859375,0.251953125,0.1953125,0.166015625,0.220703125,0.216796875,0.1259765625,0.0849609375,0.2265625,0.22265625,0.158203125,0.1455078125,0.0810546875,1
0.06536865234335101,0.03833007812476605,0.019348144531131907,0.013610839843666926,0.011169433593681827,0.010009765624938905,0.009216308593693748,0.01062011718743518,0.01159667968742922,0.015075683593657985,0.01715087890614532,0.021545410156118498,0.026733398437336832,0.028381347656076774,0.01861572265613638,0.014892578124909102,0.009338378906193002,0.01135253906243071,0.0066528320312093945,0.007324218749955296,0.008117675781200453,0.011291503906181081,0.016906738281146808,0.029968261718567087,0.07482910156204328,0.4925537109344937,0.2431640625,0.1767578125,0.0849609375,0.0810546875,0.154296875,0.0498046875,0.0869140625,0.0791015625,0.1875,0.0703125,0.1904296875,0.072265625,0.1591796875,0.056640625,0.1005859375,0.08984375,1
0.06549072265585028,0.038024902343517915,0.020874023437372595,0.014160156249913573,0.01135253906243071,0.009521484374941885,0.009216308593693748,0.010253906249937415,0.0111083984374322,0.015197753906157239,0.01715087890614532,0.02239990234361328,0.026672363281087203,0.028076171874828637,0.019348144531131907,0.015808105468653515,0.009826660156190022,0.009826660156190022,0.007690429687453061,0.008178710937450082,0.008911132812445611,0.013793945312415809,0.018432617187387496,0.030761718749812244,0.048156738280956075,0.5097656249968886,0.095703125,0.123046875,0.177734375,0.232421875,0.0732421875,0.0888671875,0.044921875,0.1572265625,0.07421875,0.1708984375,0.0712890625,0.201171875,0.1748046875,0.115234375,0.046875,0.1630859375,1
0.06549072265585028,0.038024902343517915,0.020874023437372595,0.014160156249913573,0.01135253906243071,0.009521484374941885,0.009216308593693748,0.010253906249937415,0.0111083984374322,0.015197753906157239,0.01715087890614532,0.02239990234361328,0.026672363281087203,0.028076171874828637,0.019348144531131907,0.015808105468653515,0.009826660156190022,0.009826660156190022,0.007690429687453061,0.008178710937450082,0.008911132812445611,0.013793945312415809,0.018432617187387496,0.030761718749812244,0.048156738280956075,0.5097656249968886,0.1640625,0.046875,0.1162109375,0.173828125,0.2021484375,0.0712890625,0.1708984375,0.0732421875,0.15625,0.044921875,0.0888671875,0.07421875,0.2451171875,0.1787109375,0.1220703125,0.095703125,1
0.04003906249975562,0.02502441406234726,0.01324462890616916,0.008300781249949336,0.007263183593705669,0.006103515624962747,0.006103515624962747,0.007568359374953806,0.010559082031185552,0.01257324218742326,0.014404296874912082,0.023803710937354713,0.02563476562484354,0.02960205078106932,0.0204467773436252,0.020812988281122966,0.011657714843678847,0.01202392578117661,0.008422851562448591,0.010498046874935925,0.014587402343660965,0.02337646484360732,0.0339965820310425,0.03137207031230852,0.09228515624943673,0.49029541015325745,0.1748046875,0.0556640625,0.021484375,0.05078125,0.1591796875,0.052734375,0.09375,0.041015625,0.177734375,0.068359375,0.1484375,0.02734375,0.1494140625,0.0517578125,0.0,0.0,1
0.06713867187459022,0.03961181640600823,0.019836425781128927,0.014343261718662455,0.010009765624938905,0.009948730468689278,0.009277343749943375,0.010192871093687788,0.01135253906243071,0.015014648437408358,0.0166625976561483,0.020629882812374083,0.024414062499850987,0.027587890624831617,0.018676757812386004,0.015319824218656495,0.008850097656195982,0.009826660156190022,0.006896972656207904,0.008178710937450082,0.008483886718698219,0.012634277343672886,0.017028808593646062,0.031982421874804795,0.05157470703093521,0.5145263671843595,0.1767578125,0.0595703125,0.052734375,0.0546875,0.1474609375,0.044921875,0.0859375,0.044921875,0.17578125,0.0712890625,0.123046875,0.0244140625,0.0234375,0.0146484375,0.0029296875,0.02734375,1
0.060913085937128214,0.029724121093568576,0.01763916015614234,0.011535644531179591,0.01086425781243369,0.010009765624938905,0.008544921874947846,0.008361816406198963,0.010253906249937415,0.013671874999916553,0.015808105468653515,0.020385742187375575,0.025207519531096144,0.02386474609360434,0.02142333984361924,0.014892578124909102,0.009948730468689278,0.00988769531243965,0.007202148437456041,0.007141113281206414,0.007629394531203434,0.010009765624938905,0.01617431640615128,0.028137207031078262,0.151062011717828,0.4497070312472552,0.1416015625,0.201171875,0.171875,0.03125,0.1669921875,0.0830078125,0.0830078125,0.08203125,0.197265625,0.048828125,0.15625,0.134765625,0.236328125,0.0654296875,0.076171875,0.1123046875,1
0.06347656249961257,0.02917480468732193,0.02001953124987781,0.01281738281242177,0.009399414062442631,0.009094238281194492,0.009033203124944865,0.009399414062442631,0.009765624999940395,0.01275634765617214,0.016784667968647554,0.019897460937378555,0.024719238281099124,0.022949218749859928,0.019165039062383024,0.015258789062406868,0.011779785156178101,0.008666992187447101,0.00628662109371163,0.006103515624962747,0.00604248046871312,0.011291503906181081,0.015197753906157239,0.027832031249830125,0.15173339843657388,0.45135498046599515,0.1708984375,0.1337890625,0.1767578125,0.11328125,0.20703125,0.041015625,0.087890625,0.0478515625,0.15625,0.099609375,0.14453125,0.0537109375,0.05859375,0.025390625,0.0419921875,0.0537109375,1
0.049499511718447874,0.03894042968726232,0.018737792968635633,0.011718749999928474,0.011230468749931454,0.009826660156190022,0.009033203124944865,0.008178710937450082,0.007690429687453061,0.012390136718674376,0.010559082031185552,0.020202636718626692,0.03137207031230852,0.023742675781105085,0.011962890624926984,0.01232910156242475,0.008178710937450082,0.011657714843678847,0.007385253906204924,0.008483886718698219,0.008850097656195982,0.012207031249925494,0.01806640624988973,0.03546142578103356,0.06304931640586517,0.5392456054654586,0.0263671875,0.029296875,0.03125,0.0205078125,0.1416015625,0.1298828125,0.1767578125,0.185546875,0.1474609375,0.263671875,0.3662109375,0.2275390625,0.13671875,0.166015625,0.1435546875,0.0888671875,1
0.05029296874969304,0.0402221679685045,0.020690917968623712,0.011230468749931454,0.011413574218680337,0.00988769531243965,0.009399414062442631,0.008850097656195982,0.008422851562448591,0.01202392578117661,0.011169433593681827,0.020812988281122966,0.032104492187304046,0.0246582031248495,0.011535644531179591,0.011535644531179591,0.009155273437444121,0.010314941406187042,0.006408691406210885,0.009277343749943375,0.008544921874947846,0.01202392578117661,0.017761230468641594,0.03808593749976754,0.04669189453096501,0.5474853515591583,0.0205078125,0.03125,0.029296875,0.0263671875,0.1875,0.1787109375,0.130859375,0.1220703125,0.248046875,0.359375,0.26953125,0.15234375,0.087890625,0.14453125,0.16796875,0.140625,1
0.05029296874969304,0.0402221679685045,0.020690917968623712,0.011230468749931454,0.011413574218680337,0.00988769531243965,0.009399414062442631,0.008850097656195982,0.008422851562448591,0.01202392578117661,0.011169433593681827,0.020812988281122966,0.032104492187304046,0.0246582031248495,0.011535644531179591,0.011535644531179591,0.009155273437444121,0.010314941406187042,0.006408691406210885,0.009277343749943375,0.008544921874947846,0.01202392578117661,0.017761230468641594,0.03808593749976754,0.04669189453096501,0.5474853515591583,0.140625,0.16796875,0.14453125,0.087890625,0.1376953125,0.26953125,0.359375,0.2470703125,0.123046875,0.130859375,0.1787109375,0.1875,0.0263671875,0.029296875,0.03125,0.0205078125,1
0.043762207030982894,0.03686523437477499,0.01849365234363712,0.01208496093742624,0.009033203124944865,0.007507324218704179,0.008056640624950826,0.008239746093699709,0.007568359374953806,0.01013183593743816,0.011169433593681827,0.01953124999988079,0.03057861328106336,0.024719238281099124,0.01086425781243369,0.012939453124921023,0.008850097656195982,0.01184082031242773,0.006408691406210885,0.009277343749943375,0.009521484374941885,0.01324462890616916,0.02191162109361626,0.03588867187478095,0.05279541015592776,0.5587158203090898,0.0263671875,0.0302734375,0.03125,0.0205078125,0.142578125,0.126953125,0.1875,0.1943359375,0.1494140625,0.26953125,0.3740234375,0.2607421875,0.1357421875,0.16796875,0.15234375,0.099609375,1
0.050964355468438936,0.040100097656005244,0.02001953124987781,0.012390136718674376,0.011291503906181081,0.009033203124944865,0.008361816406198963,0.008117675781200453,0.008911132812445611,0.012451171874924003,0.010742187499934434,0.018737792968635633,0.03009033203106634,0.023437499999856948,0.009948730468689278,0.01184082031242773,0.007751464843702689,0.011169433593681827,0.00506591796871908,0.007751464843702689,0.007568359374953806,0.010986328124932944,0.01757812499989271,0.03881835937476307,0.04901123046845086,0.5578613281215951,0.0263671875,0.029296875,0.03125,0.0205078125,0.1015625,0.12890625,0.1376953125,0.1591796875,0.1083984375,0.26953125,0.357421875,0.1787109375,0.1279296875,0.1650390625,0.12890625,0.0634765625,1
0.05816650390589498,0.03430175781229064,0.01660156249989867,0.01086425781243369,0.009460449218692258,0.007324218749955296,0.007446289062454551,0.008789062499946355,0.008300781249949336,0.008911132812445611,0.011535644531179591,0.01715087890614532,0.02697753906233534,0.016906738281146808,0.011230468749931454,0.010803222656184061,0.008056640624950826,0.007019042968707159,0.008483886718698219,0.0065307617187101395,0.007324218749955296,0.010742187499934434,0.01806640624988973,0.030334472656064853,0.16125488281151576,0.47741699218458605,0.03125,0.03125,0.048828125,0.12890625,0.0947265625,0.15625,0.2255859375,0.23828125,0.1318359375,0.2109375,0.3466796875,0.2724609375,0.1787109375,0.224609375,0.111328125,0.03515625,1
0.058227539062144604,0.029296874999821185,0.01708984374989569,0.010681152343684807,0.009826660156190022,0.008911132812445611,0.007751464843702689,0.009216308593693748,0.008483886718698219,0.009582519531191512,0.012145996093675867,0.018310546874888242,0.032104492187304046,0.017211914062394945,0.01300048828117065,0.01257324218742326,0.008239746093699709,0.008361816406198963,0.005859374999964237,0.006469726562460512,0.007080078124956786,0.010925292968683317,0.01947021484363116,0.03057861328106336,0.16027832031152173,0.46832275390339156,0.0888671875,0.0478515625,0.0400390625,0.03125,0.140625,0.1494140625,0.0830078125,0.0927734375,0.224609375,0.328125,0.34765625,0.2275390625,0.0390625,0.123046875,0.216796875,0.2021484375,1
0.05407714843716994,0.03314208984354772,0.019226074218632653,0.013061523437420279,0.008239746093699709,0.010498046874935925,0.008361816406198963,0.008728027343696728,0.009216308593693748,0.010192871093687788,0.015869140624903143,0.025390624999845027,0.03552246093728319,0.024414062499850987,0.015441894531155749,0.0142211914061632,0.009582519531191512,0.010192871093687788,0.00964355468744114,0.007751464843702689,0.008422851562448591,0.011413574218680337,0.015014648437408358,0.028259277343577516,0.14752197265534958,0.4465942382785242,0.189453125,0.07421875,0.08203125,0.107421875,0.2470703125,0.19140625,0.1611328125,0.125,0.046875,0.1689453125,0.05859375,0.203125,0.12109375,0.2080078125,0.1357421875,0.1337890625,1
0.05499267578091435,0.031555175781057404,0.01855468749988675,0.012634277343672886,0.01013183593743816,0.009521484374941885,0.008178710937450082,0.009399414062442631,0.008972167968695238,0.01037597656243667,0.014587402343660965,0.026733398437336832,0.03588867187478095,0.023925781249853968,0.015380859374906122,0.013610839843666926,0.009460449218692258,0.00964355468744114,0.010742187499934434,0.008361816406198963,0.008300781249949336,0.01037597656243667,0.014892578124909102,0.029479980468570068,0.14739990234285033,0.44689941405977235,0.107421875,0.0810546875,0.072265625,0.1904296875,0.1240234375,0.1748046875,0.197265625,0.24609375,0.201171875,0.05859375,0.16796875,0.046875,0.126953125,0.1240234375,0.208984375,0.123046875,1
0.05499267578091435,0.031555175781057404,0.01855468749988675,0.012634277343672886,0.01013183593743816,0.009521484374941885,0.008178710937450082,0.009399414062442631,0.008972167968695238,0.01037597656243667,0.014587402343660965,0.026733398437336832,0.03588867187478095,0.023925781249853968,0.015380859374906122,0.013610839843666926,0.009460449218692258,0.00964355468744114,0.010742187499934434,0.008361816406198963,0.008300781249949336,0.01037597656243667,0.014892578124909102,0.029479980468570068,0.14739990234285033,0.44689941405977235,0.12109375,0.2080078125,0.125,0.138671875,0.046875,0.16796875,0.05859375,0.197265625,0.24609375,0.2021484375,0.1748046875,0.1240234375,0.189453125,0.0830078125,0.0810546875,0.107421875,1
0.04534912109347321,0.033630371093544734,0.015869140624903143,0.009277343749943375,0.0066528320312093945,0.009033203124944865,0.005920410156213865,0.00604248046871312,0.008178710937450082,0.007751464843702689,0.012878417968671396,0.02270507812486142,0.02868652343732491,0.03216552734355368,0.015075683593657985,0.02368164062485546,0.010742187499934434,0.02148437499986887,0.010498046874935925,0.008850097656195982,0.009155273437444121,0.013183593749919533,0.01611328124990165,0.029479980468570068,0.17187499999895095,0.4257202148411516,0.185546875,0.08203125,0.0966796875,0.107421875,0.23828125,0.2177734375,0.2275390625,0.130859375,0.0361328125,0.177734375,0.1015625,0.26171875,0.1162109375,0.2158203125,0.1513671875,0.037109375,1
0.05352783203092329,0.0328979492185492,0.017517089843643082,0.013671874999916553,0.009765624999940395,0.009765624999940395,0.008850097656195982,0.009216308593693748,0.00988769531243965,0.010314941406187042,0.015747070312403886,0.02319335937485844,0.03149414062480777,0.03063964843731299,0.013793945312415809,0.020629882812374083,0.008239746093699709,0.018249511718638613,0.008239746093699709,0.0066528320312093945,0.006896972656207904,0.010559082031185552,0.0191040039061334,0.03723144531227276,0.1062011718743518,0.4677124023408953,0.1748046875,0.0439453125,0.052734375,0.091796875,0.212890625,0.1748046875,0.1435546875,0.1044921875,0.0400390625,0.1318359375,0.0458984375,0.08203125,0.08984375,0.1474609375,0.1142578125,0.017578125,1
0.04412841796848066,0.030273437499815224,0.015380859374906122,0.010986328124932944,0.008728027343696728,0.007690429687453061,0.00628662109371163,0.009826660156190022,0.008300781249949336,0.009826660156190022,0.013305664062418789,0.025756835937342792,0.036010742187280204,0.026733398437336832,0.015258789062406868,0.012207031249925494,0.009460449218692258,0.009460449218692258,0.009033203124944865,0.008361816406198963,0.007751464843702689,0.010253906249937415,0.012634277343672886,0.02648925781233832,0.21350097656119688,0.4123535156224832,0.0478515625,0.0654296875,0.099609375,0.10546875,0.263671875,0.13671875,0.1748046875,0.1064453125,0.09765625,0.205078125,0.080078125,0.09375,0.0537109375,0.1484375,0.1884765625,0.1787109375,1
0.050537109374691545,0.027343749999833106,0.01806640624988973,0.012878417968671396,0.009704589843690768,0.008300781249949336,0.007080078124956786,0.009521484374941885,0.008666992187447101,0.009033203124944865,0.013366699218668416,0.024230957031102104,0.03430175781229064,0.02124023437487036,0.014587402343660965,0.012695312499922513,0.011901855468677357,0.008178710937450082,0.009155273437444121,0.007873535156201943,0.008422851562448591,0.011474609374929964,0.015380859374906122,0.02416992187485248,0.21856689452991596,0.4033203124975383,0.1845703125,0.109375,0.064453125,0.083984375,0.19921875,0.2099609375,0.1591796875,0.1240234375,0.072265625,0.0966796875,0.171875,0.162109375,0.1982421875,0.14453125,0.162109375,0.138671875,1
0.055847167968409134,0.03558349609353281,0.017883300781140848,0.009216308593693748,0.0066528320312093945,0.0047607421874709425,0.004943847656219825,0.003784179687476903,0.003784179687476903,0.005126953124968707,0.006103515624962747,0.008239746093699709,0.009704589843690768,0.010742187499934434,0.006347656249961257,0.007995605468701199,0.004638671874971688,0.004333496093723551,0.003662109374977648,0.005920410156213865,0.00506591796871908,0.005004882812469452,0.011047363281182571,0.031677246093556655,0.24212646484227215,0.48980712890326045,0.091796875,0.09765625,0.0947265625,0.0947265625,0.3359375,0.20703125,0.2255859375,0.38671875,0.3427734375,0.1396484375,0.17578125,0.3583984375,0.373046875,0.283203125,0.28125,0.267578125,1
0.05590820312465876,0.036621093749776484,0.01757812499989271,0.008911132812445611,0.006225585937462002,0.0048828124999701975,0.004638671874971688,0.003967285156225786,0.0033569335937295107,0.004943847656219825,0.006103515624962747,0.008056640624950826,0.010314941406187042,0.010925292968683317,0.006164550781212375,0.007934570312451572,0.0046997070312213155,0.0038452148437265305,0.004211425781224296,0.0065917968749597666,0.0046997070312213155,0.005371093749967217,0.010742187499934434,0.03179931640605591,0.24267578124851882,0.4888305664032664,0.095703125,0.0927734375,0.0966796875,0.091796875,0.3798828125,0.2314453125,0.2138671875,0.3466796875,0.3564453125,0.1611328125,0.1484375,0.341796875,0.2900390625,0.2763671875,0.2890625,0.3701171875,1
0.05590820312465876,0.036621093749776484,0.01757812499989271,0.008911132812445611,0.006225585937462002,0.0048828124999701975,0.004638671874971688,0.003967285156225786,0.0033569335937295107,0.004943847656219825,0.006103515624962747,0.008056640624950826,0.010314941406187042,0.010925292968683317,0.006164550781212375,0.007934570312451572,0.0046997070312213155,0.0038452148437265305,0.004211425781224296,0.0065917968749597666,0.0046997070312213155,0.005371093749967217,0.010742187499934434,0.03179931640605591,0.24267578124851882,0.4888305664032664,0.37109375,0.2880859375,0.279296875,0.26953125,0.341796875,0.1474609375,0.17578125,0.3603515625,0.3427734375,0.2138671875,0.228515625,0.38671875,0.0908203125,0.0966796875,0.0927734375,0.0966796875,1
0.049682617187196756,0.03875732421851344,0.014770507812409848,0.008361816406198963,0.0055541992187161,0.005004882812469452,0.00482177734372057,0.004028320312475413,0.003967285156225786,0.005187988281218335,0.00604248046871312,0.007812499999952316,0.008666992187447101,0.019836425781128927,0.006835937499958276,0.01757812499989271,0.004516601562472433,0.013854980468665436,0.0037231445312272756,0.005859374999964237,0.0046997070312213155,0.005981445312463492,0.010253906249937415,0.02868652343732491,0.20904541015497408,0.5064697265594087,0.09375,0.07421875,0.0517578125,0.0771484375,0.345703125,0.1142578125,0.1787109375,0.33984375,0.28515625,0.19140625,0.1796875,0.2685546875,0.3818359375,0.2822265625,0.2978515625,0.333984375,1
0.05523681640591286,0.036193847656029086,0.017333984374894203,0.008850097656195982,0.00604248046871312,0.0047607421874709425,0.005004882812469452,0.004638671874971688,0.004394531249973178,0.005920410156213865,0.007080078124956786,0.008789062499946355,0.010437011718686297,0.02008056640612744,0.006347656249961257,0.016967773437396437,0.004150390624974668,0.013122558593669906,0.004211425781224296,0.0066528320312093945,0.0047607421874709425,0.006225585937462002,0.011047363281182571,0.030944824218561127,0.21691894531117603,0.4838867187470466,0.091796875,0.091796875,0.08984375,0.0888671875,0.3291015625,0.1865234375,0.2236328125,0.3701171875,0.2939453125,0.0576171875,0.1005859375,0.3330078125,0.341796875,0.259765625,0.2431640625,0.1962890625,1
0.05212402343718186,0.03179931640605591,0.01397705078116469,0.010070800781188532,0.006164550781212375,0.0046997070312213155,0.004150390624974668,0.004028320312475413,0.004638671874971688,0.0047607421874709425,0.00531005859371759,0.008300781249949336,0.009399414062442631,0.010498046874935925,0.009033203124944865,0.0065307617187101395,0.005187988281218335,0.0046997070312213155,0.004089355468725041,0.005249023437467962,0.005432128906216845,0.005126953124968707,0.010681152343684807,0.026672363281087203,0.30895996093561423,0.4384155273410741,0.0166015625,0.0751953125,0.1201171875,0.1064453125,0.375,0.2060546875,0.2353515625,0.322265625,0.2900390625,0.19140625,0.1533203125,0.2626953125,0.1728515625,0.310546875,0.2568359375,0.2578125,1
0.05072021484344043,0.034362792968540265,0.014282226562412828,0.007873535156201943,0.005371093749967217,0.004272460937473923,0.0032958984374798833,0.003540039062478393,0.004028320312475413,0.004943847656219825,0.005493164062466472,0.008605957031197473,0.01062011718743518,0.010498046874935925,0.007812499999952316,0.0065307617187101395,0.0048828124999701975,0.0046997070312213155,0.005004882812469452,0.004333496093723551,0.004455566406222806,0.005004882812469452,0.009582519531191512,0.026733398437336832,0.3093872070293616,0.44366455077854206,0.1171875,0.1396484375,0.0654296875,0.0166015625,0.3076171875,0.2333984375,0.2236328125,0.3515625,0.3232421875,0.130859375,0.1689453125,0.3154296875,0.287109375,0.2607421875,0.2421875,0.1416015625,1
0.032531738281051444,0.02172851562486738,0.014404296874912082,0.009094238281194492,0.007812499999952316,0.006408691406210885,0.005676269531215355,0.007629394531203434,0.008544921874947846,0.010192871093687788,0.01257324218742326,0.018798828124885262,0.026855468749836086,0.0197753906248793,0.009094238281194492,0.00964355468744114,0.005859374999964237,0.0032958984374798833,0.0038452148437265305,0.0038452148437265305,0.002868652343732491,0.005920410156213865,0.009460449218692258,0.017761230468641594,0.4252319335911546,0.3011474609356619,0.0,0.0,0.0,0.0,0.0859375,0.1064453125,0.1123046875,0.1162109375,0.2197265625,0.1611328125,0.2275390625,0.3359375,0.185546875,0.1240234375,0.2705078125,0.337890625,1
0.0333251953122966,0.021057128906121478,0.0142211914061632,0.008911132812445611,0.007873535156201943,0.005493164062466472,0.006408691406210885,0.007080078124956786,0.008056640624950826,0.009338378906193002,0.01275634765617214,0.017883300781140848,0.026855468749836086,0.0197753906248793,0.009155273437444121,0.008483886718698219,0.005432128906216845,0.0037231445312272756,0.004089355468725041,0.003540039062478393,0.002990722656231746,0.005615234374965727,0.009399414062442631,0.017517089843643082,0.42565917968490197,0.3053588867168862,0.0,0.0,0.0,0.0,0.12109375,0.111328125,0.103515625,0.0859375,0.3408203125,0.2333984375,0.1640625,0.2099609375,0.32421875,0.275390625,0.1337890625,0.1826171875,1
0.0333251953122966,0.021057128906121478,0.0142211914061632,0.008911132812445611,0.007873535156201943,0.005493164062466472,0.006408691406210885,0.007080078124956786,0.008056640624950826,0.009338378906193002,0.01275634765617214,0.017883300781140848,0.026855468749836086,0.0197753906248793,0.009155273437444121,0.008483886718698219,0.005432128906216845,0.0037231445312272756,0.004089355468725041,0.003540039062478393,0.002990722656231746,0.005615234374965727,0.009399414062442631,0.017517089843643082,0.42565917968490197,0.3053588867168862,0.18359375,0.1328125,0.2734375,0.3251953125,0.2099609375,0.1650390625,0.234375,0.33984375,0.091796875,0.1044921875,0.111328125,0.1259765625,0.0,0.0,0.0,0.0,1
0.032653808593550694,0.02246093749986291,0.01202392578117661,0.008850097656195982,0.0066528320312093945,0.00628662109371163,0.006103515624962747,0.007751464843702689,0.008666992187447101,0.010253906249937415,0.012878417968671396,0.018371582031137867,0.024902343749848007,0.033691406249794366,0.010314941406187042,0.023437499999856948,0.006103515624962747,0.016723632812397925,0.003967285156225786,0.004150390624974668,0.0025634765624843537,0.005920410156213865,0.009277343749943375,0.017028808593646062,0.3846435546851523,0.30432128906064254,0.0,0.0,0.0,0.0,0.078125,0.11328125,0.1201171875,0.125,0.1923828125,0.1630859375,0.23046875,0.3486328125,0.244140625,0.130859375,0.2880859375,0.3359375,1
0.03320312499979734,0.021118164062371103,0.014770507812409848,0.009399414062442631,0.006835937499958276,0.006164550781212375,0.006225585937462002,0.006347656249961257,0.008544921874947846,0.00988769531243965,0.01232910156242475,0.01861572265613638,0.026184082031090183,0.03259277343730107,0.009704589843690768,0.02093505859362222,0.005432128906216845,0.017272949218644574,0.004089355468725041,0.004089355468725041,0.0030517578124813734,0.004089355468725041,0.007446289062454551,0.01928710937488228,0.3848266601539012,0.30755615234187283,0.0,0.0,0.0,0.0,0.08203125,0.0908203125,0.09765625,0.0908203125,0.1875,0.154296875,0.19140625,0.2841796875,0.1181640625,0.0859375,0.24609375,0.30078125,1
0.03057861328106336,0.019653320312380044,0.011230468749931454,0.007934570312451572,0.006408691406210885,0.0065917968749597666,0.0045776367187220605,0.007019042968707159,0.007995605468701199,0.009765624999940395,0.012695312499922513,0.020690917968623712,0.02416992187485248,0.017761230468641594,0.009582519531191512,0.007507324218704179,0.00506591796871908,0.004638671874971688,0.0026855468749836086,0.0037231445312272756,0.003417968749979138,0.00531005859371759,0.008972167968695238,0.015075683593657985,0.4741821289033558,0.27276611327958517,0.0,0.0,0.0,0.0,0.0419921875,0.0693359375,0.162109375,0.2001953125,0.1865234375,0.18359375,0.2158203125,0.349609375,0.123046875,0.173828125,0.1474609375,0.27734375,1
0.029052734374822677,0.021545410156118498,0.01300048828117065,0.008544921874947846,0.005676269531215355,0.005371093749967217,0.005187988281218335,0.006164550781212375,0.007995605468701199,0.010437011718686297,0.012634277343672886,0.021606445312368123,0.025695800781093164,0.017028808593646062,0.009399414062442631,0.0065307617187101395,0.00506591796871908,0.004943847656219825,0.0033569335937295107,0.0032958984374798833,0.0033569335937295107,0.005432128906216845,0.009399414062442631,0.016723632812397925,0.4718017578096203,0.27075195312334743,0.0,0.0,0.0,0.0,0.1640625,0.1240234375,0.0849609375,0.033203125,0.2431640625,0.140625,0.2294921875,0.2587890625,0.12890625,0.1318359375,0.365234375,0.21484375,1
0.07196044921831078,0.040405273437253385,0.01861572265613638,0.01086425781243369,0.006469726562460512,0.005981445312463492,0.005737304687464982,0.007263183593705669,0.009216308593693748,0.00964355468744114,0.010314941406187042,0.015441894531155749,0.01568603515615426,0.01641845703114979,0.008544921874947846,0.007934570312451572,0.005920410156213865,0.004211425781224296,0.004394531249973178,0.007263183593705669,0.006347656249961257,0.010070800781188532,0.016723632812397925,0.03979492187475711,0.10504150390560887,0.5397338867154557,0.2822265625,0.2841796875,0.306640625,0.2744140625,0.2744140625,0.3359375,0.359375,0.3203125,0.1201171875,0.2294921875,0.197265625,0.27734375,0.1005859375,0.2373046875,0.1826171875,0.265625,1
0.07208251953081005,0.03991699218725636,0.018859863281134887,0.01062011718743518,0.0067138671874590215,0.005737304687464982,0.006103515624962747,0.007385253906204924,0.009338378906193002,0.009399414062442631,0.010253906249937415,0.015075683593657985,0.016296386718650534,0.016967773437396437,0.008605957031197473,0.007934570312451572,0.0055541992187161,0.004394531249973178,0.0045776367187220605,0.006408691406210885,0.006103515624962747,0.009826660156190022,0.016967773437396437,0.03961181640600823,0.10540771484310664,0.539855957027955,0.275390625,0.302734375,0.283203125,0.2880859375,0.3271484375,0.361328125,0.337890625,0.2783203125,0.2734375,0.1953125,0.224609375,0.1259765625,0.267578125,0.1787109375,0.23828125,0.1064453125,1
0.07208251953081005,0.03991699218725636,0.018859863281134887,0.01062011718743518,0.0067138671874590215,0.005737304687464982,0.006103515624962747,0.007385253906204924,0.009338378906193002,0.009399414062442631,0.010253906249937415,0.015075683593657985,0.016296386718650534,0.016967773437396437,0.008605957031197473,0.007934570312451572,0.0055541992187161,0.004394531249973178,0.0045776367187220605,0.006408691406210885,0.006103515624962747,0.009826660156190022,0.016967773437396437,0.03961181640600823,0.10540771484310664,0.539855957027955,0.15625,0.2392578125,0.177734375,0.267578125,0.1279296875,0.2216796875,0.197265625,0.2734375,0.27734375,0.337890625,0.3623046875,0.3271484375,0.2861328125,0.283203125,0.3037109375,0.2744140625,1
0.06170654296837337,0.051086425780938194,0.01898193359363414,0.010803222656184061,0.0065307617187101395,0.005004882812469452,0.005676269531215355,0.007995605468701199,0.008850097656195982,0.010437011718686297,0.0111083984374322,0.016540527343649043,0.014892578124909102,0.024230957031102104,0.008666992187447101,0.015075683593657985,0.005920410156213865,0.012451171874924003,0.004028320312475413,0.007202148437456041,0.006774902343708649,0.010009765624938905,0.015991210937402398,0.03918457031226084,0.07824707031202241,0.5426025390591882,0.2890625,0.279296875,0.2666015625,0.302734375,0.2578125,0.3310546875,0.361328125,0.3388671875,0.12890625,0.267578125,0.263671875,0.2880859375,0.1650390625,0.2451171875,0.2197265625,0.2666015625,1
0.0728759765620552,0.042114257812242956,0.018249511718638613,0.01086425781243369,0.005432128906216845,0.00604248046871312,0.006225585937462002,0.007629394531203434,0.008361816406198963,0.009826660156190022,0.01062011718743518,0.01300048828117065,0.0142211914061632,0.020629882812374083,0.007385253906204924,0.014892578124909102,0.005187988281218335,0.005371093749967217,0.004211425781224296,0.005859374999964237,0.006408691406210885,0.01013183593743816,0.018737792968635633,0.04919433593719974,0.0722045898433093,0.5543212890591167,0.2734375,0.2734375,0.306640625,0.2783203125,0.259765625,0.3154296875,0.361328125,0.3232421875,0.1162109375,0.185546875,0.1728515625,0.2744140625,0.0966796875,0.1337890625,0.11328125,0.1865234375,1
0.06701660156209097,0.0364379882810276,0.01812744140613936,0.008178710937450082,0.007080078124956786,0.00579833984371461,0.006164550781212375,0.005859374999964237,0.007446289062454551,0.008117675781200453,0.011169433593681827,0.01232910156242475,0.015136718749907612,0.015075683593657985,0.011047363281182571,0.008544921874947846,0.005432128906216845,0.005249023437467962,0.00482177734372057,0.005737304687464982,0.0048828124999701975,0.007751464843702689,0.01593017578115277,0.030761718749812244,0.20361328124875724,0.47229003905961736,0.2421875,0.28125,0.3857421875,0.154296875,0.3408203125,0.33984375,0.3564453125,0.2626953125,0.1171875,0.2646484375,0.1611328125,0.3115234375,0.048828125,0.162109375,0.203125,0.16796875,1
0.06347656249961257,0.0426635742184896,0.017395019531143828,0.007324218749955296,0.0048828124999701975,0.005981445312463492,0.005920410156213865,0.004394531249973178,0.00604248046871312,0.006103515624962747,0.007995605468701199,0.01013183593743816,0.01324462890616916,0.01202392578117661,0.007385253906204924,0.005187988281218335,0.00579833984371461,0.004272460937473923,0.004211425781224296,0.004150390624974668,0.005187988281218335,0.008911132812445611,0.015380859374906122,0.03741455078102164,0.20074462890502473,0.49377441405948624,0.1435546875,0.3583984375,0.28515625,0.1904296875,0.19140625,0.322265625,0.361328125,0.3330078125,0.1953125,0.1826171875,0.32421875,0.22265625,0.2236328125,0.146484375,0.302734375,0.1044921875,1
0.02093505859362222,0.015319824218656495,0.0067138671874590215,0.006225585937462002,0.005676269531215355,0.0065307617187101395,0.005615234374965727,0.008361816406198963,0.008239746093699709,0.01257324218742326,0.013671874999916553,0.036193847656029086,0.05090332031218931,0.037048339843523875,0.015258789062406868,0.009277343749943375,0.00531005859371759,0.005493164062466472,0.00482177734372057,0.004150390624974668,0.004272460937473923,0.004394531249973178,0.008728027343696728,0.013427734374918043,0.4664916992159027,0.22436523437363057,0.0,0.0,0.0,0.0,0.041015625,0.03125,0.03125,0.03125,0.1826171875,0.0830078125,0.115234375,0.212890625,0.171875,0.125,0.1689453125,0.24609375,1
0.02093505859362222,0.015563964843655005,0.006103515624962747,0.006408691406210885,0.005981445312463492,0.006469726562460512,0.005493164062466472,0.007751464843702689,0.007690429687453061,0.012939453124921023,0.014587402343660965,0.03540039062478393,0.05041503906219229,0.03753662109352089,0.015502929687405378,0.009338378906193002,0.0055541992187161,0.005432128906216845,0.004272460937473923,0.004028320312475413,0.003784179687476903,0.00506591796871908,0.008239746093699709,0.014343261718662455,0.466125488278405,0.2250366210923765,0.0,0.0,0.0,0.0,0.03125,0.03125,0.03125,0.0419921875,0.203125,0.115234375,0.0830078125,0.1826171875,0.2470703125,0.1640625,0.126953125,0.17578125,1
0.02093505859362222,0.015563964843655005,0.006103515624962747,0.006408691406210885,0.005981445312463492,0.006469726562460512,0.005493164062466472,0.007751464843702689,0.007690429687453061,0.012939453124921023,0.014587402343660965,0.03540039062478393,0.05041503906219229,0.03753662109352089,0.015502929687405378,0.009338378906193002,0.0055541992187161,0.005432128906216845,0.004272460937473923,0.004028320312475413,0.003784179687476903,0.00506591796871908,0.008239746093699709,0.014343261718662455,0.466125488278405,0.2250366210923765,0.17578125,0.12890625,0.1640625,0.2451171875,0.18359375,0.0830078125,0.115234375,0.203125,0.0419921875,0.03125,0.03125,0.03125,0.0,0.0,0.0,0.0,1
0.01348876953116767,0.007995605468701199,0.004333496093723551,0.0038452148437265305,0.003662109374977648,0.004516601562472433,0.003967285156225786,0.0055541992187161,0.005493164062466472,0.006958007812457531,0.007385253906204924,0.016906738281146808,0.024780273437348753,0.05603027343715802,0.011047363281182571,0.04595947265596948,0.0065917968749597666,0.04492187499972582,0.00482177734372057,0.0047607421874709425,0.0045776367187220605,0.005615234374965727,0.010314941406187042,0.01397705078116469,0.5031738281219289,0.17932128906140551,0.0,0.0,0.0,0.0,0.041015625,0.03125,0.03125,0.03125,0.197265625,0.0888671875,0.1240234375,0.240234375,0.17578125,0.140625,0.177734375,0.2529296875,1
0.02050781249987483,0.015380859374906122,0.007690429687453061,0.006835937499958276,0.0066528320312093945,0.0065307617187101395,0.00604248046871312,0.008605957031197473,0.008666992187447101,0.012878417968671396,0.014892578124909102,0.032653808593550694,0.046203613280967996,0.04797363281220719,0.012634277343672886,0.02148437499986887,0.0046997070312213155,0.019653320312380044,0.004089355468725041,0.0024414062499850987,0.0030517578124813734,0.004333496093723551,0.008483886718698219,0.02197265624986589,0.4035644531225368,0.25207519531096145,0.0,0.0,0.0,0.0,0.033203125,0.03125,0.03125,0.03125,0.1826171875,0.0849609375,0.111328125,0.1533203125,0.1611328125,0.107421875,0.0673828125,0.1884765625,1
0.018737792968635633,0.01257324218742326,0.007080078124956786,0.005493164062466472,0.004455566406222806,0.006103515624962747,0.0055541992187161,0.007202148437456041,0.009338378906193002,0.01202392578117661,0.017272949218644574,0.03320312499979734,0.044189453124730285,0.031188964843559635,0.016357421874900163,0.007873535156201943,0.005432128906216845,0.004638671874971688,0.004028320312475413,0.0037231445312272756,0.0038452148437265305,0.003906249999976158,0.005615234374965727,0.00964355468744114,0.5197143554655779,0.20080566406127437,0.0,0.0,0.0,0.0,0.0,0.029296875,0.03125,0.0595703125,0.1552734375,0.08984375,0.11328125,0.314453125,0.14453125,0.2265625,0.08984375,0.1611328125,1
0.021362304687369615,0.01373291015616618,0.0067138671874590215,0.0047607421874709425,0.004272460937473923,0.00579833984371461,0.005249023437467962,0.0067138671874590215,0.008544921874947846,0.008605957031197473,0.017944335937390476,0.03326416015604697,0.037170410156023126,0.03350830078104548,0.013793945312415809,0.007934570312451572,0.00531005859371759,0.004333496093723551,0.0030517578124813734,0.0038452148437265305,0.004150390624974668,0.004516601562472433,0.00628662109371163,0.010803222656184061,0.5205688476530727,0.2077636718737319,0.0,0.0,0.0,0.0,0.0615234375,0.03125,0.029296875,0.0,0.251953125,0.0859375,0.130859375,0.166015625,0.1796875,0.09375,0.28125,0.2099609375,1
0.0333251953122966,0.019714355468629673,0.008605957031197473,0.005432128906216845,0.004028320312475413,0.003540039062478393,0.004333496093723551,0.0047607421874709425,0.00506591796871908,0.006164550781212375,0.007751464843702689,0.014770507812409848,0.01861572265613638,0.01928710937488228,0.009765624999940395,0.007812499999952316,0.0045776367187220605,0.0066528320312093945,0.004089355468725041,0.0028076171874828635,0.0033569335937295107,0.005187988281218335,0.008300781249949336,0.018371582031137867,0.46942138671588485,0.30426025390439293,0.0,0.0,0.0,0.0,0.03515625,0.037109375,0.0498046875,0.033203125,0.1826171875,0.2470703125,0.2939453125,0.111328125,0.1044921875,0.138671875,0.15234375,0.0693359375,1
0.033081054687298085,0.02008056640612744,0.008117675781200453,0.0055541992187161,0.004333496093723551,0.003906249999976158,0.004455566406222806,0.00482177734372057,0.005126953124968707,0.006225585937462002,0.007629394531203434,0.014892578124909102,0.018920898437384516,0.01928710937488228,0.009277343749943375,0.008300781249949336,0.004516601562472433,0.006347656249961257,0.003906249999976158,0.003234863281230256,0.002990722656231746,0.005004882812469452,0.008850097656195982,0.017272949218644574,0.469726562497133,0.30413818359189365,0.0,0.0,0.0,0.0,0.0322265625,0.048828125,0.033203125,0.03515625,0.1123046875,0.28515625,0.2685546875,0.181640625,0.0703125,0.15625,0.140625,0.1044921875,1
0.033081054687298085,0.02008056640612744,0.008117675781200453,0.0055541992187161,0.004333496093723551,0.003906249999976158,0.004455566406222806,0.00482177734372057,0.005126953124968707,0.006225585937462002,0.007629394531203434,0.014892578124909102,0.018920898437384516,0.01928710937488228,0.009277343749943375,0.008300781249949336,0.004516601562472433,0.006347656249961257,0.003906249999976158,0.003234863281230256,0.002990722656231746,0.005004882812469452,0.008850097656195982,0.017272949218644574,0.469726562497133,0.30413818359189365,0.1044921875,0.1328125,0.1552734375,0.0703125,0.1826171875,0.267578125,0.28515625,0.1103515625,0.03515625,0.037109375,0.048828125,0.0322265625,0.0,0.0,0.0,0.0,1
0.026123046874840558,0.017761230468641594,0.008483886718698219,0.0045776367187220605,0.0037231445312272756,0.002746582031233236,0.003417968749979138,0.004455566406222806,0.005004882812469452,0.006896972656207904,0.007385253906204924,0.015563964843655005,0.01763916015614234,0.03485107421853728,0.010498046874935925,0.024963378906097636,0.005493164062466472,0.0228881835936103,0.004150390624974668,0.0033569335937295107,0.004150390624974668,0.005920410156213865,0.011413574218680337,0.018371582031137867,0.43164062499736544,0.29852294921692796,0.0,0.0,0.0,0.0,0.0419921875,0.0498046875,0.0458984375,0.0322265625,0.212890625,0.255859375,0.2900390625,0.1220703125,0.1123046875,0.1767578125,0.158203125,0.0830078125,1
0.032409667968552186,0.01959228515613042,0.009033203124944865,0.005126953124968707,0.004638671874971688,0.0032958984374798833,0.004455566406222806,0.004455566406222806,0.005126953124968707,0.006408691406210885,0.008056640624950826,0.014160156249913573,0.018371582031137867,0.03277587890604995,0.008483886718698219,0.02172851562486738,0.004333496093723551,0.018676757812386004,0.005187988281218335,0.0032958984374798833,0.002746582031233236,0.004638671874971688,0.008605957031197473,0.018371582031137867,0.428771972653633,0.30725097656062467,0.0,0.0,0.0,0.0,0.03125,0.0322265625,0.0400390625,0.03125,0.15625,0.2109375,0.2724609375,0.1103515625,0.087890625,0.0830078125,0.1484375,0.0703125,1
0.03149414062480777,0.01849365234363712,0.008361816406198963,0.004272460937473923,0.0025634765624843537,0.002868652343732491,0.003234863281230256,0.003417968749979138,0.005004882812469452,0.005126953124968707,0.008239746093699709,0.01300048828117065,0.01855468749988675,0.014160156249913573,0.009704589843690768,0.008483886718698219,0.005981445312463492,0.004394531249973178,0.003417968749979138,0.0030517578124813734,0.003234863281230256,0.00482177734372057,0.008056640624950826,0.014648437499910592,0.522155761715563,0.27325439452958217,0.0,0.0,0.0,0.0,0.0009765625,0.033203125,0.03515625,0.060546875,0.1455078125,0.2431640625,0.2822265625,0.169921875,0.0556640625,0.2265625,0.1630859375,0.0927734375,1
0.029479980468570068,0.017700195312391965,0.008728027343696728,0.004638671874971688,0.0032958984374798833,0.0034790039062287657,0.0033569335937295107,0.004333496093723551,0.005371093749967217,0.00579833984371461,0.008422851562448591,0.013854980468665436,0.019714355468629673,0.014892578124909102,0.01013183593743816,0.007263183593705669,0.006347656249961257,0.0045776367187220605,0.0029296874999821185,0.0036010742187280206,0.0029296874999821185,0.0047607421874709425,0.007995605468701199,0.015502929687405378,0.5203857421843238,0.27050781249834893,0.0,0.0,0.0,0.0,0.076171875,0.052734375,0.0380859375,0.0,0.251953125,0.2734375,0.1923828125,0.1142578125,0.119140625,0.150390625,0.1689453125,0.08203125,1
0.05084228515593968,0.031433105468558147,0.011779785156178101,0.005249023437467962,0.003540039062478393,0.003540039062478393,0.0034790039062287657,0.0034790039062287657,0.0048828124999701975,0.00628662109371163,0.009521484374941885,0.01898193359363414,0.029724121093568576,0.021789550781117006,0.009338378906193002,0.009460449218692258,0.005920410156213865,0.005004882812469452,0.003662109374977648,0.0033569335937295107,0.004333496093723551,0.0065917968749597666,0.010009765624938905,0.030395507812314478,0.22961425781109854,0.47778320312208383,0.078125,0.0712890625,0.0380859375,0.0322265625,0.2138671875,0.0888671875,0.21875,0.138671875,0.2255859375,0.1875,0.123046875,0.044921875,0.0517578125,0.1337890625,0.046875,0.123046875,1
0.049804687499696014,0.03259277343730107,0.01226806640617512,0.005432128906216845,0.003906249999976158,0.004089355468725041,0.003234863281230256,0.003662109374977648,0.00482177734372057,0.007202148437456041,0.009155273437444121,0.019348144531131907,0.029113769531072302,0.021850585937366634,0.009704589843690768,0.009582519531191512,0.00604248046871312,0.00506591796871908,0.004150390624974668,0.0033569335937295107,0.004638671874971688,0.0055541992187161,0.010803222656184061,0.03015136718731597,0.2297363281235978,0.47473144530960243,0.0322265625,0.0380859375,0.0693359375,0.080078125,0.1337890625,0.2158203125,0.09375,0.1865234375,0.0439453125,0.1220703125,0.189453125,0.2578125,0.0625,0.046875,0.13671875,0.0205078125,1
0.049804687499696014,0.03259277343730107,0.01226806640617512,0.005432128906216845,0.003906249999976158,0.004089355468725041,0.003234863281230256,0.003662109374977648,0.00482177734372057,0.007202148437456041,0.009155273437444121,0.019348144531131907,0.029113769531072302,0.021850585937366634,0.009704589843690768,0.009582519531191512,0.00604248046871312,0.00506591796871908,0.004150390624974668,0.0033569335937295107,0.004638671874971688,0.0055541992187161,0.010803222656184061,0.03015136718731597,0.2297363281235978,0.47473144530960243,0.0205078125,0.1513671875,0.046875,0.0625,0.2578125,0.1904296875,0.123046875,0.046875,0.177734375,0.09375,0.21484375,0.1328125,0.0791015625,0.0703125,0.0380859375,0.0322265625,1
0.05084228515593968,0.03149414062480777,0.010986328124932944,0.00604248046871312,0.003967285156225786,0.003967285156225786,0.003906249999976158,0.0038452148437265305,0.005493164062466472,0.006896972656207904,0.010314941406187042,0.019165039062383024,0.029724121093568576,0.03063964843731299,0.01037597656243667,0.019348144531131907,0.006347656249961257,0.014892578124909102,0.0034790039062287657,0.0032958984374798833,0.004333496093723551,0.006164550781212375,0.010070800781188532,0.02966308593731895,0.1968994140612982,0.47784423827833344,0.03125,0.0546875,0.0380859375,0.03125,0.083984375,0.1298828125,0.2353515625,0.125,0.1240234375,0.1875,0.1318359375,0.041015625,0.0,0.18359375,0.0458984375,0.0615234375,1
0.050659179687190796,0.03112792968731001,0.01184082031242773,0.005249023437467962,0.0038452148437265305,0.004516601562472433,0.004333496093723551,0.004150390624974668,0.004516601562472433,0.006896972656207904,0.010009765624938905,0.01708984374989569,0.02655029296858795,0.02917480468732193,0.008300781249949336,0.018432617187387496,0.005126953124968707,0.01373291015616618,0.0047607421874709425,0.003234863281230256,0.002868652343732491,0.004516601562472433,0.009948730468689278,0.03106689453106038,0.20458984374875128,0.4834594726532992,0.03515625,0.0537109375,0.0380859375,0.03125,0.1015625,0.064453125,0.2060546875,0.0693359375,0.125,0.1220703125,0.0703125,0.0361328125,0.0,0.0849609375,0.03515625,0.0615234375,1
0.0426635742184896,0.028259277343577516,0.011413574218680337,0.006408691406210885,0.004089355468725041,0.0034790039062287657,0.003906249999976158,0.003112792968731001,0.00531005859371759,0.007324218749955296,0.009704589843690768,0.020812988281122966,0.02960205078106932,0.019409179687381536,0.011047363281182571,0.007812499999952316,0.007690429687453061,0.004943847656219825,0.004089355468725041,0.0031738281249806283,0.003540039062478393,0.005371093749967217,0.010314941406187042,0.02386474609360434,0.29876708984192646,0.4238891601536628,0.021484375,0.056640625,0.048828125,0.029296875,0.0654296875,0.1357421875,0.208984375,0.134765625,0.1767578125,0.1357421875,0.13671875,0.0537109375,0.0810546875,0.107421875,0.140625,0.0849609375,1
0.041137695312248916,0.029357910156070813,0.012634277343672886,0.006103515624962747,0.004394531249973178,0.0045776367187220605,0.0031738281249806283,0.004089355468725041,0.0046997070312213155,0.007263183593705669,0.01037597656243667,0.02099609374987185,0.03247070312480181,0.0228881835936103,0.011291503906181081,0.008361816406198963,0.005126953124968707,0.0048828124999701975,0.0034790039062287657,0.004150390624974668,0.004455566406222806,0.0046997070312213155,0.011535644531179591,0.021850585937366634,0.2986450195294272,0.41735839843495265,0.087890625,0.0625,0.056640625,0.0205078125,0.1904296875,0.1376953125,0.1806640625,0.09765625,0.2197265625,0.212890625,0.1044921875,0.052734375,0.0947265625,0.1025390625,0.0654296875,0.056640625,1
0.05609130859340764,0.03442382812478989,0.010559082031185552,0.005676269531215355,0.004089355468725041,0.0025634765624843537,0.002624511718733981,0.0037231445312272756,0.003784179687476903,0.005187988281218335,0.008117675781200453,0.011230468749931454,0.01641845703114979,0.017211914062394945,0.010192871093687788,0.009277343749943375,0.00604248046871312,0.00506591796871908,0.00531005859371759,0.005676269531215355,0.004028320312475413,0.0065917968749597666,0.01135253906243071,0.031982421874804795,0.22784423827985933,0.49493408202822914,0.109375,0.1171875,0.0966796875,0.03125,0.3642578125,0.2998046875,0.2958984375,0.1806640625,0.3681640625,0.1376953125,0.0791015625,0.08984375,0.16015625,0.0625,0.0791015625,0.1142578125,1
0.05596923828090839,0.03417968749979138,0.011230468749931454,0.005493164062466472,0.003784179687476903,0.0029296874999821185,0.0025634765624843537,0.003662109374977648,0.003784179687476903,0.005187988281218335,0.007873535156201943,0.011535644531179591,0.015991210937402398,0.017456054687393457,0.010314941406187042,0.009521484374941885,0.006103515624962747,0.0048828124999701975,0.0046997070312213155,0.0055541992187161,0.004516601562472433,0.006164550781212375,0.011291503906181081,0.0328979492185492,0.2275390624986112,0.4948730468719795,0.033203125,0.099609375,0.119140625,0.109375,0.1875,0.2724609375,0.3056640625,0.3720703125,0.0888671875,0.078125,0.1591796875,0.3681640625,0.1240234375,0.08984375,0.0634765625,0.1552734375,1
0.05596923828090839,0.03417968749979138,0.011230468749931454,0.005493164062466472,0.003784179687476903,0.0029296874999821185,0.0025634765624843537,0.003662109374977648,0.003784179687476903,0.005187988281218335,0.007873535156201943,0.011535644531179591,0.015991210937402398,0.017456054687393457,0.010314941406187042,0.009521484374941885,0.006103515624962747,0.0048828124999701975,0.0046997070312213155,0.0055541992187161,0.004516601562472433,0.006164550781212375,0.011291503906181081,0.0328979492185492,0.2275390624986112,0.4948730468719795,0.158203125,0.0634765625,0.0908203125,0.1142578125,0.365234375,0.1591796875,0.076171875,0.0888671875,0.3701171875,0.3056640625,0.2724609375,0.1875,0.109375,0.119140625,0.099609375,0.033203125,1
0.0544433593746677,0.04467773437472731,0.0111083984374322,0.0048828124999701975,0.004028320312475413,0.002990722656231746,0.0025634765624843537,0.003784179687476903,0.003967285156225786,0.005920410156213865,0.008300781249949336,0.011291503906181081,0.015991210937402398,0.026794433593586457,0.010498046874935925,0.01953124999988079,0.006347656249961257,0.01495361328115873,0.00506591796871908,0.005187988281218335,0.004028320312475413,0.00628662109371163,0.01202392578117661,0.030944824218561127,0.19458007812381237,0.48980712890326045,0.1005859375,0.119140625,0.1025390625,0.03125,0.1220703125,0.3046875,0.3017578125,0.2197265625,0.3583984375,0.1962890625,0.0888671875,0.109375,0.171875,0.064453125,0.103515625,0.1845703125,1
0.05804443359339572,0.03430175781229064,0.011535644531179591,0.00604248046871312,0.003784179687476903,0.003112792968731001,0.0024414062499850987,0.003662109374977648,0.004455566406222806,0.004943847656219825,0.007141113281206414,0.011230468749931454,0.01397705078116469,0.02386474609360434,0.008422851562448591,0.018371582031137867,0.0045776367187220605,0.01373291015616618,0.0046997070312213155,0.0047607421874709425,0.003234863281230256,0.00531005859371759,0.011047363281182571,0.0339965820310425,0.20489501952999942,0.4984130859344579,0.107421875,0.1162109375,0.076171875,0.0,0.337890625,0.2890625,0.2333984375,0.08984375,0.3544921875,0.1044921875,0.05859375,0.07421875,0.1240234375,0.048828125,0.0576171875,0.1015625,1
0.05102539062468856,0.02941894531232044,0.009460449218692258,0.004333496093723551,0.0030517578124813734,0.0021362304687369614,0.002502441406234726,0.003417968749979138,0.004028320312475413,0.005676269531215355,0.007385253906204924,0.01202392578117661,0.014770507812409848,0.015197753906157239,0.012939453124921023,0.008361816406198963,0.007385253906204924,0.005004882812469452,0.005249023437467962,0.004211425781224296,0.004150390624974668,0.005493164062466472,0.010253906249937415,0.028137207031078262,0.29412841796695477,0.4502563476535018,0.03515625,0.078125,0.09375,0.0302734375,0.33984375,0.2861328125,0.29296875,0.111328125,0.3125,0.2177734375,0.0693359375,0.0986328125,0.1357421875,0.1220703125,0.095703125,0.16015625,1
0.052612304687178875,0.03131103515605889,0.010986328124932944,0.005432128906216845,0.002746582031233236,0.0024414062499850987,0.002502441406234726,0.0032958984374798833,0.003784179687476903,0.004211425781224296,0.00628662109371163,0.01135253906243071,0.01641845703114979,0.013916015624915063,0.011230468749931454,0.009216308593693748,0.00531005859371759,0.005981445312463492,0.005126953124968707,0.004455566406222806,0.003906249999976158,0.00579833984371461,0.010192871093687788,0.03106689453106038,0.29431152343570366,0.4461059570285272,0.0859375,0.1474609375,0.091796875,0.0322265625,0.30859375,0.3408203125,0.279296875,0.2314453125,0.3408203125,0.130859375,0.1005859375,0.1083984375,0.1201171875,0.08984375,0.1630859375,0.0361328125,1
0.05090332031218931,0.031249999999809264,0.012878417968671396,0.005737304687464982,0.004516601562472433,0.004272460937473923,0.004028320312475413,0.00531005859371759,0.00579833984371461,0.008300781249949336,0.011169433593681827,0.02435302734360136,0.03833007812476605,0.027343749999833106,0.013366699218668416,0.01202392578117661,0.0065917968749597666,0.006469726562460512,0.0037231445312272756,0.005126953124968707,0.005859374999964237,0.008300781249949336,0.01324462890616916,0.027832031249830125,0.20050048828002623,0.4627685546846755,0.0361328125,0.0849609375,0.0712890625,0.03125,0.0380859375,0.2119140625,0.15625,0.0,0.0322265625,0.2265625,0.1845703125,0.017578125,0.0498046875,0.2900390625,0.189453125,0.0234375,1
0.050781249999690053,0.031677246093556655,0.01251220703117363,0.006164550781212375,0.0045776367187220605,0.004943847656219825,0.0036010742187280206,0.004943847656219825,0.00506591796871908,0.007934570312451572,0.01202392578117661,0.02362060546860583,0.036315917968528344,0.02752685546858199,0.013366699218668416,0.01208496093742624,0.007019042968707159,0.006408691406210885,0.004211425781224296,0.004516601562472433,0.00579833984371461,0.008483886718698219,0.011962890624926984,0.028137207031078262,0.20208740234251654,0.46423339843466654,0.03125,0.0712890625,0.091796875,0.0361328125,0.0,0.15625,0.2138671875,0.0390625,0.017578125,0.1865234375,0.21875,0.0322265625,0.0234375,0.18359375,0.2861328125,0.0498046875,1
0.050781249999690053,0.031677246093556655,0.01251220703117363,0.006164550781212375,0.0045776367187220605,0.004943847656219825,0.0036010742187280206,0.004943847656219825,0.00506591796871908,0.007934570312451572,0.01202392578117661,0.02362060546860583,0.036315917968528344,0.02752685546858199,0.013366699218668416,0.01208496093742624,0.007019042968707159,0.006408691406210885,0.004211425781224296,0.004516601562472433,0.00579833984371461,0.008483886718698219,0.011962890624926984,0.028137207031078262,0.20208740234251654,0.46423339843466654,0.0498046875,0.28515625,0.18359375,0.0234375,0.0322265625,0.2197265625,0.1875,0.017578125,0.0380859375,0.2138671875,0.15625,0.0,0.0361328125,0.091796875,0.0712890625,0.0361328125,1
0.018188476562388985,0.009033203124944865,0.005920410156213865,0.0023803710937354713,0.0024414062499850987,0.002746582031233236,0.0020141601562377064,0.003906249999976158,0.005187988281218335,0.007507324218704179,0.009399414062442631,0.021545410156118498,0.02990722656231746,0.056579589843404665,0.014587402343660965,0.04339599609348513,0.009765624999940395,0.03302001953104846,0.00482177734372057,0.005615234374965727,0.006408691406210885,0.015563964843655005,0.029296874999821185,0.02001953124987781,0.37567138671645706,0.26507568359213207,0.0361328125,0.111328125,0.0712890625,0.03125,0.0390625,0.2333984375,0.1806640625,0.0,0.0400390625,0.2392578125,0.2158203125,0.0166015625,0.05078125,0.3017578125,0.2255859375,0.0234375,1
0.05035400390594266,0.034362792968540265,0.013671874999916553,0.007019042968707159,0.0047607421874709425,0.00531005859371759,0.004089355468725041,0.004943847656219825,0.005737304687464982,0.007873535156201943,0.011291503906181081,0.0197753906248793,0.03149414062480777,0.034057617187292125,0.011047363281182571,0.01898193359363414,0.00506591796871908,0.022338867187363654,0.0031738281249806283,0.003662109374977648,0.0048828124999701975,0.005737304687464982,0.011962890624926984,0.03454589843728915,0.1568603515615426,0.48699951171577754,0.0361328125,0.0849609375,0.0712890625,0.03125,0.0380859375,0.1533203125,0.1220703125,0.0,0.033203125,0.1484375,0.1220703125,0.017578125,0.0478515625,0.16015625,0.05078125,0.0234375,1
0.04345703124973476,0.029846191406067833,0.01226806640617512,0.006835937499958276,0.005432128906216845,0.003540039062478393,0.004028320312475413,0.0045776367187220605,0.006225585937462002,0.008239746093699709,0.013610839843666926,0.02313232421860881,0.04437255859347917,0.021850585937366634,0.015136718749907612,0.011291503906181081,0.008178710937450082,0.006103515624962747,0.005676269531215355,0.005615234374965727,0.004394531249973178,0.006774902343708649,0.011230468749931454,0.02337646484360732,0.26904296874835787,0.4057617187475234,0.0380859375,0.0732421875,0.0634765625,0.033203125,0.0888671875,0.224609375,0.1455078125,0.02734375,0.0361328125,0.1728515625,0.193359375,0.048828125,0.03125,0.1640625,0.228515625,0.138671875,1
0.04467773437472731,0.028991699218573048,0.01348876953116767,0.005004882812469452,0.005004882812469452,0.0032958984374798833,0.004394531249973178,0.0038452148437265305,0.005981445312463492,0.007568359374953806,0.013305664062418789,0.022827148437360674,0.04284667968723848,0.020690917968623712,0.014099121093663946,0.010314941406187042,0.006225585937462002,0.00604248046871312,0.006164550781212375,0.0046997070312213155,0.00579833984371461,0.006469726562460512,0.011291503906181081,0.022949218749859928,0.26855468749836087,0.4154663085912142,0.033203125,0.1103515625,0.0869140625,0.046875,0.0390625,0.19921875,0.1611328125,0.0478515625,0.0869140625,0.216796875,0.158203125,0.025390625,0.189453125,0.263671875,0.095703125,0.03125,1
0.02960205078106932,0.02093505859362222,0.008850097656195982,0.002990722656231746,0.003234863281230256,0.003906249999976158,0.004333496093723551,0.005126953124968707,0.005981445312463492,0.007324218749955296,0.01232910156242475,0.02075195312487334,0.02722167968733385,0.023986816406103596,0.01300048828117065,0.009704589843690768,0.004943847656219825,0.005493164062466472,0.0025634765624843537,0.0018920898437384515,0.0021362304687369614,0.003112792968731001,0.005737304687464982,0.018310546874888242,0.4761352539033439,0.2803955078107886,0.0,0.0,0.0,0.0,0.03125,0.03125,0.03125,0.03125,0.0,0.08203125,0.0576171875,0.0,0.0,0.060546875,0.0458984375,0.0,1
0.030395507812314478,0.020141601562377064,0.007568359374953806,0.004150390624974668,0.0031738281249806283,0.003662109374977648,0.004516601562472433,0.00506591796871908,0.0065307617187101395,0.007141113281206414,0.01275634765617214,0.020141601562377064,0.025817871093592418,0.02435302734360136,0.012390136718674376,0.009338378906193002,0.005249023437467962,0.005432128906216845,0.0025634765624843537,0.002197265624986589,0.0023803710937354713,0.0032958984374798833,0.0067138671874590215,0.01861572265613638,0.47625732421584316,0.2801513671857901,0.0,0.0,0.0,0.0,0.03125,0.03125,0.03125,0.03125,0.0,0.0556640625,0.08203125,0.0,0.0,0.0458984375,0.08984375,0.0,1
0.030395507812314478,0.020141601562377064,0.007568359374953806,0.004150390624974668,0.0031738281249806283,0.003662109374977648,0.004516601562472433,0.00506591796871908,0.0065307617187101395,0.007141113281206414,0.01275634765617214,0.020141601562377064,0.025817871093592418,0.02435302734360136,0.012390136718674376,0.009338378906193002,0.005249023437467962,0.005432128906216845,0.0025634765624843537,0.002197265624986589,0.0023803710937354713,0.0032958984374798833,0.0067138671874590215,0.01861572265613638,0.47625732421584316,0.2801513671857901,0.0,0.08984375,0.0458984375,0.0,0.0,0.08203125,0.0556640625,0.0,0.03125,0.03125,0.03125,0.03125,0.0,0.0,0.0,0.0,1
0.013671874999916553,0.011535644531179591,0.0045776367187220605,0.0026855468749836086,0.002502441406234726,0.0023803710937354713,0.003234863281230256,0.004638671874971688,0.006469726562460512,0.007141113281206414,0.010986328124932944,0.018737792968635633,0.022094726562365143,0.042785644530988855,0.013854980468665436,0.030456542968564107,0.006835937499958276,0.023986816406103596,0.0030517578124813734,0.0030517578124813734,0.004150390624974668,0.008300781249949336,0.019348144531131907,0.016540527343649043,0.46185302734093103,0.2551269531234428,0.0,0.0,0.0,0.0,0.03125,0.03125,0.03125,0.03125,0.0,0.0830078125,0.0595703125,0.0,0.0,0.0908203125,0.060546875,0.0,1
0.03015136718731597,0.02142333984361924,0.007080078124956786,0.003662109374977648,0.004455566406222806,0.0029296874999821185,0.003967285156225786,0.005493164062466472,0.00579833984371461,0.008239746093699709,0.013183593749919533,0.021118164062371103,0.02655029296858795,0.03808593749976754,0.01208496093742624,0.022583007812362162,0.00506591796871908,0.018737792968635633,0.0025634765624843537,0.0023803710937354713,0.0025634765624843537,0.0029296874999821185,0.007202148437456041,0.017333984374894203,0.4342041015598498,0.2802124023420397,0.0,0.0,0.0,0.0,0.03125,0.03125,0.03125,0.03125,0.0,0.06640625,0.0390625,0.0,0.0,0.0546875,0.0322265625,0.0,1
0.02795410156232938,0.018798828124885262,0.007324218749955296,0.0047607421874709425,0.0029296874999821185,0.002868652343732491,0.0032958984374798833,0.004150390624974668,0.005249023437467962,0.0065917968749597666,0.009948730468689278,0.017211914062394945,0.023437499999856948,0.01806640624988973,0.009765624999940395,0.007202148437456041,0.0055541992187161,0.003906249999976158,0.002624511718733981,0.001831054687488824,0.002624511718733981,0.0032958984374798833,0.0055541992187161,0.01300048828117065,0.5320434570280026,0.260009765623413,0.0,0.0,0.0,0.0,0.0,0.02734375,0.03125,0.037109375,0.0537109375,0.072265625,0.05859375,0.0,0.03125,0.03125,0.0869140625,0.037109375,1
0.02746582031233236,0.01849365234363712,0.007385253906204924,0.0045776367187220605,0.004150390624974668,0.0030517578124813734,0.0034790039062287657,0.0034790039062287657,0.0046997070312213155,0.006835937499958276,0.01037597656243667,0.020385742187375575,0.022277832031114025,0.018432617187387496,0.011291503906181081,0.007263183593705669,0.005676269531215355,0.0029296874999821185,0.003234863281230256,0.002319335937485844,0.002197265624986589,0.0031738281249806283,0.005676269531215355,0.01324462890616916,0.53082275390301,0.2570800781234309,0.0,0.0,0.0,0.0,0.037109375,0.03125,0.0263671875,0.0,0.01953125,0.0859375,0.05078125,0.0546875,0.0869140625,0.080078125,0.005859375,0.03125,1
0.04248046874974072,0.02648925781233832,0.014526367187411338,0.008483886718698219,0.006896972656207904,0.007019042968707159,0.0067138671874590215,0.007812499999952316,0.009521484374941885,0.012878417968671396,0.016906738281146808,0.028320312499827145,0.03442382812478989,0.02966308593731895,0.020568847656124458,0.013916015624915063,0.009460449218692258,0.009399414062442631,0.006408691406210885,0.007141113281206414,0.008789062499946355,0.008972167968695238,0.012939453124921023,0.023986816406103596,0.2059326171862431,0.4203491210911844,0.0400390625,0.078125,0.08203125,0.0419921875,0.060546875,0.044921875,0.0341796875,0.0556640625,0.0654296875,0.0771484375,0.173828125,0.083984375,0.1435546875,0.1376953125,0.1015625,0.10546875,1
0.04162597656224593,0.027099609374834598,0.015502929687405378,0.009277343749943375,0.006958007812457531,0.00604248046871312,0.007812499999952316,0.007202148437456041,0.009948730468689278,0.012634277343672886,0.01660156249989867,0.028625488281075282,0.032958984374798835,0.029113769531072302,0.0204467773436252,0.01324462890616916,0.009277343749943375,0.009094238281194492,0.006469726562460512,0.007202148437456041,0.008850097656195982,0.008544921874947846,0.01397705078116469,0.02416992187485248,0.20611572265499195,0.42120361327867917,0.0419921875,0.08203125,0.0791015625,0.0400390625,0.0556640625,0.033203125,0.056640625,0.0615234375,0.0830078125,0.17578125,0.0693359375,0.06640625,0.1083984375,0.10546875,0.126953125,0.1044921875,1
0.04162597656224593,0.027099609374834598,0.015502929687405378,0.009277343749943375,0.006958007812457531,0.00604248046871312,0.007812499999952316,0.007202148437456041,0.009948730468689278,0.012634277343672886,0.01660156249989867,0.028625488281075282,0.032958984374798835,0.029113769531072302,0.0204467773436252,0.01324462890616916,0.009277343749943375,0.009094238281194492,0.006469726562460512,0.007202148437456041,0.008850097656195982,0.008544921874947846,0.01397705078116469,0.02416992187485248,0.20611572265499195,0.42120361327867917,0.1044921875,0.126953125,0.10546875,0.107421875,0.06640625,0.0693359375,0.17578125,0.083984375,0.060546875,0.0556640625,0.033203125,0.0556640625,0.0400390625,0.0791015625,0.08203125,0.0419921875,1
0.03356933593729511,0.02416992187485248,0.01184082031242773,0.007385253906204924,0.005859374999964237,0.006408691406210885,0.00579833984371461,0.007995605468701199,0.008728027343696728,0.0111083984374322,0.015747070312403886,0.025939941406091675,0.031982421874804795,0.0408935546872504,0.02166748046861775,0.02551269531234428,0.011291503906181081,0.020568847656124458,0.006774902343708649,0.007385253906204924,0.008422851562448591,0.010498046874935925,0.017944335937390476,0.025695800781093164,0.1817626953113906,0.4250488281224057,0.0400390625,0.0947265625,0.0966796875,0.0419921875,0.060546875,0.076171875,0.064453125,0.064453125,0.068359375,0.08984375,0.1826171875,0.1259765625,0.1025390625,0.1533203125,0.130859375,0.1220703125,1
0.04168701171849556,0.026855468749836086,0.015563964843655005,0.008117675781200453,0.007446289062454551,0.0065917968749597666,0.007751464843702689,0.007446289062454551,0.009582519531191512,0.013183593749919533,0.015441894531155749,0.025878906249842046,0.031982421874804795,0.03656005859352685,0.018798828124885262,0.021545410156118498,0.010253906249937415,0.017700195312391965,0.00628662109371163,0.006408691406210885,0.007690429687453061,0.007995605468701199,0.013061523437420279,0.025939941406091675,0.17987060546765216,0.43035888671612327,0.0400390625,0.0791015625,0.0966796875,0.0419921875,0.0595703125,0.0302734375,0.01953125,0.05078125,0.06640625,0.0439453125,0.15234375,0.0751953125,0.0751953125,0.0615234375,0.072265625,0.1005859375,1
0.04034423828100376,0.022033691406115517,0.014831542968659475,0.008666992187447101,0.005981445312463492,0.00604248046871312,0.0065307617187101395,0.0067138671874590215,0.008544921874947846,0.010314941406187042,0.016052246093652023,0.03057861328106336,0.03387451171854324,0.026367187499839066,0.01904296874988377,0.013122558593669906,0.009948730468689278,0.007263183593705669,0.006896972656207904,0.007446289062454551,0.007202148437456041,0.008911132812445611,0.011657714843678847,0.02435302734360136,0.2749023437483221,0.3723754882789772,0.0458984375,0.0810546875,0.076171875,0.03125,0.0673828125,0.0595703125,0.05078125,0.076171875,0.091796875,0.0419921875,0.1650390625,0.15625,0.0625,0.150390625,0.1923828125,0.1435546875,1
0.038146972656017165,0.0246582031248495,0.01470947265616022,0.008056640624950826,0.006225585937462002,0.005737304687464982,0.00628662109371163,0.007080078124956786,0.007385253906204924,0.01184082031242773,0.016906738281146808,0.02819824218732789,0.03204345703105442,0.022827148437360674,0.01757812499989271,0.012878417968671396,0.01135253906243071,0.008422851562448591,0.007385253906204924,0.007995605468701199,0.008056640624950826,0.008605957031197473,0.011169433593681827,0.02075195312487334,0.27783203124830425,0.3778686523414437,0.03125,0.0830078125,0.0849609375,0.0439453125,0.07421875,0.0693359375,0.05078125,0.0576171875,0.0947265625,0.1318359375,0.1201171875,0.0966796875,0.185546875,0.1630859375,0.166015625,0.068359375,1
0.06640624999959469,0.0377807617185194,0.012695312499922513,0.005737304687464982,0.0034790039062287657,0.002990722656231746,0.0025634765624843537,0.0024414062499850987,0.002319335937485844,0.0048828124999701975,0.00506591796871908,0.01495361328115873,0.018798828124885262,0.02026367187487632,0.0111083984374322,0.012878417968671396,0.010009765624938905,0.010559082031185552,0.007568359374953806,0.007629394531203434,0.007751464843702689,0.009582519531191512,0.01568603515615426,0.03472900390603803,0.14947509765533767,0.52264404296556,0.2060546875,0.2119140625,0.1787109375,0.08984375,0.26953125,0.35546875,0.2021484375,0.30078125,0.2724609375,0.21875,0.2421875,0.341796875,0.3359375,0.0751953125,0.158203125,0.27734375,1
0.06604003906209692,0.03741455078102164,0.012451171874924003,0.00604248046871312,0.003540039062478393,0.002990722656231746,0.002502441406234726,0.002624511718733981,0.0022583007812362163,0.004638671874971688,0.006408691406210885,0.013916015624915063,0.018676757812386004,0.020202636718626692,0.0111083984374322,0.011901855468677357,0.009399414062442631,0.009277343749943375,0.007263183593705669,0.008239746093699709,0.007873535156201943,0.009277343749943375,0.015319824218656495,0.035095214843535796,0.14941406249908804,0.5261230468717888,0.09375,0.1767578125,0.212890625,0.2001953125,0.3037109375,0.19921875,0.3515625,0.259765625,0.3388671875,0.2392578125,0.21484375,0.2763671875,0.2783203125,0.1572265625,0.083984375,0.3359375,1
0.06604003906209692,0.03741455078102164,0.012451171874924003,0.00604248046871312,0.003540039062478393,0.002990722656231746,0.002502441406234726,0.002624511718733981,0.0022583007812362163,0.004638671874971688,0.006408691406210885,0.013916015624915063,0.018676757812386004,0.020202636718626692,0.0111083984374322,0.011901855468677357,0.009399414062442631,0.009277343749943375,0.007263183593705669,0.008239746093699709,0.007873535156201943,0.009277343749943375,0.015319824218656495,0.035095214843535796,0.14941406249908804,0.5261230468717888,0.3369140625,0.083984375,0.1572265625,0.275390625,0.275390625,0.2158203125,0.240234375,0.337890625,0.2607421875,0.3525390625,0.1982421875,0.3037109375,0.19921875,0.2138671875,0.1767578125,0.09375,1
0.07183837890581153,0.0388793945310127,0.011657714843678847,0.005859374999964237,0.004028320312475413,0.0031738281249806283,0.002502441406234726,0.002746582031233236,0.0029296874999821185,0.005493164062466472,0.0066528320312093945,0.013916015624915063,0.0191040039061334,0.02917480468732193,0.0111083984374322,0.01995849609362818,0.009704589843690768,0.018859863281134887,0.007263183593705669,0.0067138671874590215,0.008300781249949336,0.008972167968695238,0.014770507812409848,0.036071777343529836,0.12188720703050605,0.5184326171843358,0.2060546875,0.203125,0.1904296875,0.095703125,0.263671875,0.3525390625,0.1923828125,0.3046875,0.2646484375,0.220703125,0.2451171875,0.3583984375,0.33984375,0.0927734375,0.166015625,0.27734375,1
0.06732177734333909,0.03741455078102164,0.013122558593669906,0.0067138671874590215,0.003784179687476903,0.0032958984374798833,0.0031738281249806283,0.0029296874999821185,0.0032958984374798833,0.003967285156225786,0.00506591796871908,0.01037597656243667,0.014404296874912082,0.024475097656100616,0.009033203124944865,0.017944335937390476,0.008178710937450082,0.015197753906157239,0.006469726562460512,0.0065307617187101395,0.0066528320312093945,0.008911132812445611,0.015502929687405378,0.03881835937476307,0.1277465820304703,0.5396728515592061,0.1767578125,0.20703125,0.1728515625,0.083984375,0.224609375,0.341796875,0.185546875,0.2646484375,0.2236328125,0.1630859375,0.2236328125,0.3056640625,0.322265625,0.0546875,0.130859375,0.2119140625,1
0.059936523437134175,0.03472900390603803,0.01251220703117363,0.00506591796871908,0.0036010742187280206,0.0028076171874828635,0.002319335937485844,0.0032958984374798833,0.003234863281230256,0.003784179687476903,0.005371093749967217,0.008850097656195982,0.01855468749988675,0.01660156249989867,0.011291503906181081,0.011718749999928474,0.010681152343684807,0.007690429687453061,0.007629394531203434,0.007385253906204924,0.006774902343708649,0.008605957031197473,0.013610839843666926,0.03015136718731597,0.22479248046737796,0.4790039062470764,0.1533203125,0.17578125,0.1494140625,0.1103515625,0.322265625,0.3349609375,0.263671875,0.2978515625,0.2470703125,0.2197265625,0.1845703125,0.3212890625,0.1904296875,0.197265625,0.0947265625,0.22265625,1
0.06030273437463194,0.03540039062478393,0.012145996093675867,0.006103515624962747,0.0029296874999821185,0.002319335937485844,0.0022583007812362163,0.002197265624986589,0.0036010742187280206,0.004211425781224296,0.006774902343708649,0.010986328124932944,0.018249511718638613,0.01855468749988675,0.013183593749919533,0.012878417968671396,0.009277343749943375,0.007019042968707159,0.007141113281206414,0.009094238281194492,0.006896972656207904,0.008789062499946355,0.014831542968659475,0.03015136718731597,0.22595214843612088,0.46874999999713896,0.16796875,0.25,0.1875,0.1005859375,0.2265625,0.3251953125,0.2607421875,0.1904296875,0.2470703125,0.2099609375,0.263671875,0.3310546875,0.150390625,0.0966796875,0.251953125,0.185546875,1
0.04992675781219527,0.03350830078104548,0.015502929687405378,0.007629394531203434,0.005371093749967217,0.004089355468725041,0.0047607421874709425,0.005859374999964237,0.0067138671874590215,0.01062011718743518,0.014099121093663946,0.019714355468629673,0.02655029296858795,0.023498535156106577,0.014770507812409848,0.012939453124921023,0.007629394531203434,0.007751464843702689,0.006103515624962747,0.004516601562472433,0.005859374999964237,0.007385253906204924,0.01446533203116171,0.025207519531096144,0.22009277343615666,0.4454345703097813,0.037109375,0.0380859375,0.048828125,0.0498046875,0.0390625,0.05078125,0.107421875,0.0634765625,0.1240234375,0.107421875,0.0849609375,0.0537109375,0.1884765625,0.3076171875,0.150390625,0.0,1
0.049560546874697506,0.03442382812478989,0.015197753906157239,0.007934570312451572,0.00531005859371759,0.003906249999976158,0.0047607421874709425,0.00604248046871312,0.0066528320312093945,0.010070800781188532,0.014587402343660965,0.018859863281134887,0.026367187499839066,0.02362060546860583,0.01446533203116171,0.013427734374918043,0.007568359374953806,0.007873535156201943,0.006103515624962747,0.00482177734372057,0.005676269531215355,0.006958007812457531,0.014892578124909102,0.025207519531096144,0.21972656249865888,0.4459838867160279,0.0478515625,0.048828125,0.0380859375,0.0361328125,0.0625,0.125,0.0517578125,0.0390625,0.052734375,0.0859375,0.095703125,0.1298828125,0.0,0.166015625,0.298828125,0.1708984375,1
0.049560546874697506,0.03442382812478989,0.015197753906157239,0.007934570312451572,0.00531005859371759,0.003906249999976158,0.0047607421874709425,0.00604248046871312,0.0066528320312093945,0.010070800781188532,0.014587402343660965,0.018859863281134887,0.026367187499839066,0.02362060546860583,0.01446533203116171,0.013427734374918043,0.007568359374953806,0.007873535156201943,0.006103515624962747,0.00482177734372057,0.005676269531215355,0.006958007812457531,0.014892578124909102,0.025207519531096144,0.21972656249865888,0.4459838867160279,0.1884765625,0.2978515625,0.1669921875,0.0,0.1357421875,0.0966796875,0.0869140625,0.052734375,0.0390625,0.0517578125,0.126953125,0.078125,0.0361328125,0.0380859375,0.048828125,0.0478515625,1
0.016540527343649043,0.01373291015616618,0.006164550781212375,0.003112792968731001,0.003234863281230256,0.0028076171874828635,0.0029296874999821185,0.005187988281218335,0.007507324218704179,0.010498046874935925,0.01397705078116469,0.02093505859362222,0.023925781249853968,0.047119140624712404,0.019165039062383024,0.03875732421851344,0.01251220703117363,0.03228759765605293,0.007812499999952316,0.0065917968749597666,0.008178710937450082,0.013854980468665436,0.02508544921859689,0.021545410156118498,0.263610839842141,0.3729248046852238,0.03125,0.03515625,0.0419921875,0.03125,0.0380859375,0.05078125,0.1318359375,0.0,0.1162109375,0.126953125,0.078125,0.0,0.078125,0.314453125,0.1572265625,0.0,1
0.05004882812469452,0.034362792968540265,0.014770507812409848,0.007995605468701199,0.006408691406210885,0.005920410156213865,0.004333496093723551,0.005981445312463492,0.007568359374953806,0.01159667968742922,0.013854980468665436,0.017456054687393457,0.023803710937354713,0.030944824218561127,0.0142211914061632,0.02191162109361626,0.006958007812457531,0.01708984374989569,0.0047607421874709425,0.004638671874971688,0.005126953124968707,0.007141113281206414,0.01348876953116767,0.026794433593586457,0.19158935546758063,0.45123291015349587,0.0341796875,0.033203125,0.041015625,0.0458984375,0.0390625,0.0400390625,0.0908203125,0.07421875,0.09765625,0.0693359375,0.0390625,0.052734375,0.0947265625,0.2255859375,0.0537109375,0.0,1
0.05059814453094117,0.027404785156082734,0.01446533203116171,0.007019042968707159,0.003906249999976158,0.0032958984374798833,0.004089355468725041,0.005187988281218335,0.006347656249961257,0.010742187499934434,0.01300048828117065,0.0197753906248793,0.023925781249853968,0.02246093749986291,0.01593017578115277,0.011230468749931454,0.009521484374941885,0.006896972656207904,0.004455566406222806,0.003906249999976158,0.00506591796871908,0.006347656249961257,0.012939453124921023,0.019836425781128927,0.29138183593572153,0.40026855468505695,0.0263671875,0.0390625,0.0439453125,0.0537109375,0.0498046875,0.0576171875,0.1044921875,0.1103515625,0.0810546875,0.1318359375,0.0869140625,0.0419921875,0.0458984375,0.248046875,0.3154296875,0.1396484375,1
0.04748535156221017,0.029785156249818204,0.01373291015616618,0.007019042968707159,0.004089355468725041,0.004333496093723551,0.004211425781224296,0.005187988281218335,0.007263183593705669,0.010986328124932944,0.013610839843666926,0.020202636718626692,0.02703857421858497,0.02148437499986887,0.015380859374906122,0.01062011718743518,0.009826660156190022,0.007263183593705669,0.004638671874971688,0.00531005859371759,0.00531005859371759,0.006774902343708649,0.012878417968671396,0.023010253906109557,0.28637695312325206,0.3961791992163319,0.0302734375,0.0673828125,0.0341796875,0.0263671875,0.060546875,0.02734375,0.1484375,0.0556640625,0.1826171875,0.09765625,0.0625,0.068359375,0.2568359375,0.2265625,0.05859375,0.033203125,1
0.047851562499707935,0.03283691406229958,0.01226806640617512,0.008300781249949336,0.006347656249961257,0.006225585937462002,0.006164550781212375,0.007385253906204924,0.010009765624938905,0.01397705078116469,0.01593017578115277,0.024230957031102104,0.04125976562474817,0.026184082031090183,0.018005371093640102,0.01373291015616618,0.007934570312451572,0.007507324218704179,0.005187988281218335,0.004455566406222806,0.007202148437456041,0.007629394531203434,0.013610839843666926,0.026672363281087203,0.1820068359363891,0.4470825195285212,0.0458984375,0.0625,0.0595703125,0.0517578125,0.1044921875,0.0537109375,0.1474609375,0.0693359375,0.083984375,0.0849609375,0.2119140625,0.0224609375,0.0478515625,0.0712890625,0.0703125,0.0546875,1
0.0482177734372057,0.032409667968552186,0.012634277343672886,0.007873535156201943,0.0067138671874590215,0.006835937499958276,0.005981445312463492,0.007507324218704179,0.009704589843690768,0.013793945312415809,0.01617431640615128,0.0246582031248495,0.04077148437475115,0.025756835937342792,0.018249511718638613,0.013793945312415809,0.007751464843702689,0.008056640624950826,0.006103515624962747,0.004272460937473923,0.0065917968749597666,0.008117675781200453,0.012695312499922513,0.026611328124837578,0.18206787109263875,0.4466552734347738,0.05078125,0.0595703125,0.0625,0.0458984375,0.0693359375,0.146484375,0.046875,0.1064453125,0.0224609375,0.208984375,0.0869140625,0.0791015625,0.0546875,0.0732421875,0.0712890625,0.0478515625,1
0.0482177734372057,0.032409667968552186,0.012634277343672886,0.007873535156201943,0.0067138671874590215,0.006835937499958276,0.005981445312463492,0.007507324218704179,0.009704589843690768,0.013793945312415809,0.01617431640615128,0.0246582031248495,0.04077148437475115,0.025756835937342792,0.018249511718638613,0.013793945312415809,0.007751464843702689,0.008056640624950826,0.00604248046871312,0.004333496093723551,0.0065917968749597666,0.008117675781200453,0.012695312499922513,0.026611328124837578,0.18206787109263875,0.4466552734347738,0.0478515625,0.0712890625,0.0732421875,0.0546875,0.0791015625,0.0869140625,0.2080078125,0.0224609375,0.10546875,0.046875,0.146484375,0.0693359375,0.0458984375,0.0625,0.0595703125,0.05078125,1
0.051635742187184835,0.03283691406229958,0.01202392578117661,0.008117675781200453,0.006164550781212375,0.006225585937462002,0.005676269531215355,0.007446289062454551,0.009765624999940395,0.014282226562412828,0.015319824218656495,0.02453613281235024,0.04071044921850152,0.03472900390603803,0.019348144531131907,0.02386474609360434,0.008178710937450082,0.016296386718650534,0.00579833984371461,0.005432128906216845,0.006958007812457531,0.008117675781200453,0.013305664062418789,0.02703857421858497,0.15258789062406866,0.44360351562229244,0.0458984375,0.0693359375,0.0595703125,0.05078125,0.103515625,0.0927734375,0.173828125,0.06640625,0.0966796875,0.0966796875,0.251953125,0.021484375,0.0556640625,0.072265625,0.0791015625,0.0576171875,1
0.049255371093449365,0.03204345703105442,0.013427734374918043,0.006958007812457531,0.005493164062466472,0.005493164062466472,0.005615234374965727,0.006958007812457531,0.009338378906193002,0.012695312499922513,0.014892578124909102,0.024230957031102104,0.03686523437477499,0.034362792968540265,0.0166625976561483,0.022338867187363654,0.007873535156201943,0.01593017578115277,0.00531005859371759,0.004516601562472433,0.006408691406210885,0.006958007812457531,0.01251220703117363,0.03173828124980629,0.16070556640526912,0.45141601562224476,0.0458984375,0.0625,0.0595703125,0.05078125,0.068359375,0.0302734375,0.1357421875,0.0654296875,0.0439453125,0.0029296875,0.185546875,0.0224609375,0.0478515625,0.0390625,0.0654296875,0.0546875,1
0.043090820312236995,0.027160644531084223,0.01300048828117065,0.008728027343696728,0.007202148437456041,0.006958007812457531,0.005981445312463492,0.006835937499958276,0.008728027343696728,0.013916015624915063,0.016784667968647554,0.027893066406079754,0.037475585937271266,0.025207519531096144,0.016235351562400906,0.012145996093675867,0.007568359374953806,0.007873535156201943,0.005432128906216845,0.00506591796871908,0.005493164062466472,0.007690429687453061,0.01184082031242773,0.021850585937366634,0.2510375976547178,0.3988037109350659,0.05078125,0.0625,0.0498046875,0.072265625,0.076171875,0.1171875,0.20703125,0.0361328125,0.10546875,0.064453125,0.1806640625,0.1357421875,0.0537109375,0.0478515625,0.0576171875,0.0927734375,1
0.04315185546848662,0.02801513671857901,0.011962890624926984,0.008483886718698219,0.007385253906204924,0.0066528320312093945,0.005371093749967217,0.007324218749955296,0.009277343749943375,0.012451171874924003,0.015563964843655005,0.02893066406232342,0.029785156249818204,0.025390624999845027,0.014526367187411338,0.014404296874912082,0.008544921874947846,0.008117675781200453,0.004272460937473923,0.00579833984371461,0.005126953124968707,0.007324218749955296,0.011779785156178101,0.021118164062371103,0.25207519531096145,0.4071655273412648,0.0380859375,0.0712890625,0.0625,0.033203125,0.125,0.0966796875,0.1318359375,0.0849609375,0.099609375,0.08984375,0.23046875,0.02734375,0.078125,0.078125,0.115234375,0.03125,1
0.033813476562293616,0.023742675781105085,0.017333984374894203,0.013366699218668416,0.01086425781243369,0.008728027343696728,0.010070800781188532,0.012939453124921023,0.016235351562400906,0.02172851562486738,0.02551269531234428,0.034362792968540265,0.04125976562474817,0.032714843749800326,0.02197265624986589,0.017944335937390476,0.01257324218742326,0.011901855468677357,0.011413574218680337,0.008850097656195982,0.009399414062442631,0.008911132812445611,0.014587402343660965,0.019836425781128927,0.21075439452996364,0.34918212890411876,0.03125,0.03125,0.03125,0.033203125,0.0458984375,0.22265625,0.1103515625,0.0458984375,0.09765625,0.1279296875,0.1630859375,0.27734375,0.265625,0.203125,0.1630859375,0.25390625,1
0.033630371093544734,0.0246582031248495,0.017028808593646062,0.013427734374918043,0.010253906249937415,0.009399414062442631,0.010498046874935925,0.012695312499922513,0.016357421874900163,0.021789550781117006,0.026184082031090183,0.035339355468534304,0.04034423828100376,0.034790039062287656,0.021789550781117006,0.01757812499989271,0.011901855468677357,0.011291503906181081,0.01226806640617512,0.009094238281194492,0.009338378906193002,0.00964355468744114,0.013427734374918043,0.02008056640612744,0.2115478515612088,0.34564208984164035,0.033203125,0.03125,0.03125,0.03125,0.0107421875,0.115234375,0.2236328125,0.044921875,0.2861328125,0.1640625,0.1220703125,0.119140625,0.2568359375,0.1640625,0.1953125,0.2646484375,1
0.033630371093544734,0.0246582031248495,0.017028808593646062,0.013427734374918043,0.010253906249937415,0.009399414062442631,0.010498046874935925,0.012695312499922513,0.016357421874900163,0.021789550781117006,0.026184082031090183,0.035339355468534304,0.04034423828100376,0.034790039062287656,0.021789550781117006,0.01757812499989271,0.011901855468677357,0.011291503906181081,0.01226806640617512,0.009094238281194492,0.009338378906193002,0.00964355468744114,0.013427734374918043,0.02008056640612744,0.2115478515612088,0.34564208984164035,0.267578125,0.1982421875,0.1630859375,0.2568359375,0.1171875,0.0986328125,0.1650390625,0.2861328125,0.044921875,0.212890625,0.115234375,0.044921875,0.03125,0.03125,0.03125,0.033203125,1
0.028076171874828637,0.022338867187363654,0.01446533203116171,0.01159667968742922,0.009155273437444121,0.008728027343696728,0.008666992187447101,0.012145996093675867,0.01568603515615426,0.019226074218632653,0.023498535156106577,0.031005859374810756,0.03521728515603505,0.04650878906221613,0.021057128906121478,0.03057861328106336,0.01300048828117065,0.025390624999845027,0.0111083984374322,0.009765624999940395,0.010192871093687788,0.011413574218680337,0.016906738281146808,0.020874023437372595,0.20123291015502176,0.34216308593541156,0.03125,0.03125,0.03125,0.03125,0.0244140625,0.265625,0.1240234375,0.0751953125,0.0791015625,0.1728515625,0.1669921875,0.275390625,0.2919921875,0.21875,0.2021484375,0.2861328125,1
0.03417968749979138,0.026184082031090183,0.01763916015614234,0.013366699218668416,0.010498046874935925,0.009521484374941885,0.009948730468689278,0.01324462890616916,0.015808105468653515,0.02246093749986291,0.02502441406234726,0.030822753906061873,0.03741455078102164,0.04052734374975264,0.02001953124987781,0.024902343749848007,0.011474609374929964,0.023315429687357694,0.011291503906181081,0.007385253906204924,0.009521484374941885,0.009338378906193002,0.01324462890616916,0.026611328124837578,0.160888671874018,0.37536621093520894,0.03125,0.03125,0.03125,0.0322265625,0.044921875,0.166015625,0.0458984375,0.0029296875,0.0908203125,0.015625,0.08984375,0.267578125,0.224609375,0.0908203125,0.12109375,0.25390625,1
0.03320312499979734,0.01953124999988079,0.013305664062418789,0.01208496093742624,0.008666992187447101,0.009460449218692258,0.009765624999940395,0.011962890624926984,0.015502929687405378,0.019226074218632653,0.025451660156094656,0.031249999999809264,0.03948974609350897,0.031005859374810756,0.022338867187363654,0.016845703124897183,0.012939453124921023,0.011657714843678847,0.009338378906193002,0.008789062499946355,0.007080078124956786,0.008789062499946355,0.01202392578117661,0.017456054687393457,0.28051757812328787,0.31231689452934375,0.021484375,0.03125,0.03125,0.0322265625,0.0498046875,0.15234375,0.095703125,0.056640625,0.10546875,0.12109375,0.0888671875,0.3388671875,0.1298828125,0.2158203125,0.1416015625,0.2275390625,1
0.03131103515605889,0.020385742187375575,0.01617431640615128,0.010681152343684807,0.010803222656184061,0.010437011718686297,0.01202392578117661,0.011901855468677357,0.014892578124909102,0.02008056640612744,0.023437499999856948,0.030761718749812244,0.03826904296851642,0.031555175781057404,0.02215576171861477,0.01593017578115277,0.01251220703117363,0.010986328124932944,0.009704589843690768,0.007995605468701199,0.007568359374953806,0.008666992187447101,0.011779785156178101,0.018737792968635633,0.2800292968732908,0.31121826171685046,0.0302734375,0.03125,0.03125,0.021484375,0.0927734375,0.2509765625,0.1396484375,0.0126953125,0.1728515625,0.140625,0.166015625,0.189453125,0.189453125,0.1123046875,0.271484375,0.1748046875,1
0.04119873046849854,0.028320312499827145,0.01470947265616022,0.008544921874947846,0.009399414062442631,0.009460449218692258,0.009521484374941885,0.011413574218680337,0.014648437499910592,0.0166625976561483,0.01995849609362818,0.02563476562484354,0.03247070312480181,0.021362304687369615,0.013305664062418789,0.009277343749943375,0.0065917968749597666,0.007629394531203434,0.006347656249961257,0.007080078124956786,0.007019042968707159,0.009765624999940395,0.013061523437420279,0.03204345703105442,0.18151855468639208,0.4430541992160458,0.2060546875,0.2392578125,0.2763671875,0.072265625,0.138671875,0.1708984375,0.2744140625,0.1103515625,0.1826171875,0.25,0.353515625,0.1572265625,0.1650390625,0.1396484375,0.1484375,0.0673828125,1
0.041381835937247424,0.029052734374822677,0.014038085937414319,0.008789062499946355,0.008850097656195982,0.009582519531191512,0.009582519531191512,0.01135253906243071,0.014343261718662455,0.016296386718650534,0.020568847656124458,0.025329589843595398,0.03149414062480777,0.02246093749986291,0.01275634765617214,0.009948730468689278,0.0065307617187101395,0.007446289062454551,0.005859374999964237,0.007873535156201943,0.006347656249961257,0.009826660156190022,0.012939453124921023,0.031982421874804795,0.18115234374889433,0.4442138671847887,0.072265625,0.275390625,0.2392578125,0.2158203125,0.1171875,0.2666015625,0.1708984375,0.138671875,0.158203125,0.3525390625,0.255859375,0.1796875,0.0673828125,0.1455078125,0.138671875,0.1650390625,1
0.041381835937247424,0.029052734374822677,0.014038085937414319,0.008789062499946355,0.008850097656195982,0.009582519531191512,0.009582519531191512,0.01135253906243071,0.014343261718662455,0.016296386718650534,0.020568847656124458,0.025329589843595398,0.03149414062480777,0.02246093749986291,0.01275634765617214,0.009948730468689278,0.0065307617187101395,0.007446289062454551,0.005859374999964237,0.007873535156201943,0.006347656249961257,0.009826660156190022,0.012939453124921023,0.031982421874804795,0.18115234374889433,0.4442138671847887,0.1650390625,0.1376953125,0.1455078125,0.0673828125,0.1806640625,0.25390625,0.353515625,0.158203125,0.138671875,0.1708984375,0.2666015625,0.1162109375,0.2158203125,0.2392578125,0.2763671875,0.072265625,1
0.04003906249975562,0.027893066406079754,0.0142211914061632,0.008239746093699709,0.008789062499946355,0.007812499999952316,0.008605957031197473,0.011779785156178101,0.01275634765617214,0.014648437499910592,0.017333984374894203,0.02386474609360434,0.031555175781057404,0.0371093749997735,0.01495361328115873,0.027282714843583477,0.008239746093699709,0.017456054687393457,0.007080078124956786,0.007934570312451572,0.007934570312451572,0.01062011718743518,0.01373291015616618,0.0322265624998033,0.14532470703036302,0.44256591796604877,0.220703125,0.2568359375,0.2890625,0.107421875,0.1552734375,0.1669921875,0.2900390625,0.09375,0.1962890625,0.2705078125,0.36328125,0.162109375,0.16796875,0.1650390625,0.15625,0.072265625,1
0.0440063476559814,0.0339965820310425,0.01470947265616022,0.010559082031185552,0.009033203124944865,0.008972167968695238,0.009521484374941885,0.010925292968683317,0.014648437499910592,0.01715087890614532,0.01959228515613042,0.022949218749859928,0.027282714843583477,0.03784179687476903,0.010986328124932944,0.02966308593731895,0.005187988281218335,0.019226074218632653,0.005187988281218335,0.005737304687464982,0.00506591796871908,0.007141113281206414,0.012451171874924003,0.031982421874804795,0.1286621093742147,0.4575195312472075,0.1494140625,0.173828125,0.2021484375,0.068359375,0.07421875,0.080078125,0.111328125,0.0986328125,0.0498046875,0.0556640625,0.271484375,0.1533203125,0.1162109375,0.046875,0.0537109375,0.0615234375,1
0.04467773437472731,0.024963378906097636,0.013793945312415809,0.009765624999940395,0.007751464843702689,0.008483886718698219,0.010070800781188532,0.01037597656243667,0.013183593749919533,0.013305664062418789,0.016540527343649043,0.023742675781105085,0.024719238281099124,0.018859863281134887,0.012451171874924003,0.009582519531191512,0.006896972656207904,0.006958007812457531,0.0065307617187101395,0.007080078124956786,0.007141113281206414,0.008239746093699709,0.012634277343672886,0.025817871093592418,0.2575073242171783,0.3989257812475651,0.2177734375,0.2431640625,0.1376953125,0.0400390625,0.1396484375,0.14453125,0.263671875,0.134765625,0.1640625,0.2294921875,0.3388671875,0.1826171875,0.078125,0.2001953125,0.1025390625,0.0849609375,1
0.04052734374975264,0.023498535156106577,0.01446533203116171,0.009826660156190022,0.007263183593705669,0.007995605468701199,0.009094238281194492,0.01037597656243667,0.015563964843655005,0.01641845703114979,0.017028808593646062,0.02172851562486738,0.02655029296858795,0.017456054687393457,0.010437011718686297,0.008178710937450082,0.008544921874947846,0.0067138671874590215,0.0067138671874590215,0.006347656249961257,0.005615234374965727,0.008422851562448591,0.01159667968742922,0.02606201171859093,0.2553100585921917,0.40826416015375816,0.083984375,0.2080078125,0.21484375,0.2060546875,0.134765625,0.1162109375,0.189453125,0.1376953125,0.2412109375,0.3115234375,0.326171875,0.1572265625,0.0751953125,0.1171875,0.14453125,0.0693359375,1
0.057128906249651314,0.033813476562293616,0.015197753906157239,0.010070800781188532,0.007080078124956786,0.006469726562460512,0.004028320312475413,0.0048828124999701975,0.005920410156213865,0.0066528320312093945,0.007995605468701199,0.015502929687405378,0.02197265624986589,0.025207519531096144,0.016052246093652023,0.015258789062406868,0.009765624999940395,0.012878417968671396,0.010986328124932944,0.008422851562448591,0.010925292968683317,0.010437011718686297,0.014526367187411338,0.026428222656088695,0.1548461914053049,0.4875488281220242,0.2890625,0.2734375,0.2236328125,0.3447265625,0.275390625,0.396484375,0.35546875,0.30078125,0.1923828125,0.357421875,0.2890625,0.2060546875,0.146484375,0.1318359375,0.138671875,0.1904296875,1
0.05731201171840019,0.03460693359353877,0.015319824218656495,0.009094238281194492,0.006835937499958276,0.006469726562460512,0.004089355468725041,0.004516601562472433,0.006835937499958276,0.006225585937462002,0.007446289062454551,0.016052246093652023,0.022094726562365143,0.024902343749848007,0.01593017578115277,0.016235351562400906,0.009826660156190022,0.01257324218742326,0.010742187499934434,0.009155273437444121,0.010314941406187042,0.009765624999940395,0.014404296874912082,0.02655029296858795,0.15502929687405376,0.4876708984345235,0.3427734375,0.2177734375,0.2724609375,0.291015625,0.2939453125,0.35546875,0.3994140625,0.2734375,0.22265625,0.291015625,0.35546875,0.19140625,0.177734375,0.1279296875,0.1318359375,0.140625,1
0.05731201171840019,0.03460693359353877,0.015319824218656495,0.009094238281194492,0.006835937499958276,0.006469726562460512,0.004089355468725041,0.004516601562472433,0.006835937499958276,0.006225585937462002,0.007446289062454551,0.016052246093652023,0.022094726562365143,0.024902343749848007,0.01593017578115277,0.016235351562400906,0.009826660156190022,0.01257324218742326,0.010742187499934434,0.009155273437444121,0.010314941406187042,0.009765624999940395,0.014404296874912082,0.02655029296858795,0.15502929687405376,0.4876708984345235,0.1416015625,0.130859375,0.13671875,0.1923828125,0.2080078125,0.3564453125,0.2861328125,0.2177734375,0.2763671875,0.3994140625,0.35546875,0.275390625,0.2939453125,0.271484375,0.2099609375,0.330078125,1
0.05737304687464982,0.038696289062263814,0.0142211914061632,0.010009765624938905,0.006835937499958276,0.00531005859371759,0.004272460937473923,0.004394531249973178,0.006103515624962747,0.006896972656207904,0.007690429687453061,0.015808105468653515,0.021545410156118498,0.04162597656224593,0.015441894531155749,0.023803710937354713,0.01062011718743518,0.022094726562365143,0.01062011718743518,0.009399414062442631,0.010437011718686297,0.011169433593681827,0.01617431640615128,0.02551269531234428,0.1197509765617691,0.4841918945282947,0.330078125,0.2802734375,0.2451171875,0.3681640625,0.1845703125,0.396484375,0.31640625,0.130859375,0.1357421875,0.359375,0.2548828125,0.00390625,0.1162109375,0.1416015625,0.1279296875,0.1279296875,1
0.05773925781214759,0.03594970703103058,0.015747070312403886,0.009948730468689278,0.007080078124956786,0.007324218749955296,0.006103515624962747,0.005676269531215355,0.007507324218704179,0.006347656249961257,0.007934570312451572,0.010742187499934434,0.01757812499989271,0.0328979492185492,0.008178710937450082,0.017700195312391965,0.0045776367187220605,0.015197753906157239,0.005981445312463492,0.005371093749967217,0.00531005859371759,0.006103515624962747,0.014099121093663946,0.044738769530976934,0.10986328124932944,0.5343017578092388,0.224609375,0.1787109375,0.14453125,0.2119140625,0.1630859375,0.322265625,0.2919921875,0.177734375,0.11328125,0.291015625,0.2421875,0.0341796875,0.0859375,0.0869140625,0.0830078125,0.095703125,1
0.05139160156218633,0.02868652343732491,0.01593017578115277,0.008483886718698219,0.005126953124968707,0.005004882812469452,0.0047607421874709425,0.004028320312475413,0.0067138671874590215,0.005920410156213865,0.01013183593743816,0.01397705078116469,0.024414062499850987,0.019409179687381536,0.016723632812397925,0.013793945312415809,0.0111083984374322,0.01037597656243667,0.008666992187447101,0.007690429687453061,0.01062011718743518,0.01037597656243667,0.014892578124909102,0.0222167968748644,0.22851562499860525,0.4410400390598081,0.2529296875,0.1630859375,0.291015625,0.1357421875,0.296875,0.3623046875,0.318359375,0.2587890625,0.1728515625,0.353515625,0.2919921875,0.1552734375,0.1162109375,0.1396484375,0.1572265625,0.0712890625,1
0.05340576171842403,0.029357910156070813,0.01611328124990165,0.007629394531203434,0.005737304687464982,0.004943847656219825,0.004089355468725041,0.004638671874971688,0.005615234374965727,0.0067138671874590215,0.007629394531203434,0.013671874999916553,0.024719238281099124,0.020385742187375575,0.018859863281134887,0.01226806640617512,0.010803222656184061,0.01135253906243071,0.010437011718686297,0.008850097656195982,0.01037597656243667,0.01251220703117363,0.01660156249989867,0.02172851562486738,0.22558593749862313,0.435974121091089,0.1455078125,0.265625,0.193359375,0.216796875,0.181640625,0.3505859375,0.3544921875,0.3359375,0.15625,0.3193359375,0.2412109375,0.166015625,0.0849609375,0.154296875,0.166015625,0.123046875,1
0.032958984374798835,0.02270507812486142,0.015014648437408358,0.011779785156178101,0.008056640624950826,0.008850097656195982,0.009338378906193002,0.008789062499946355,0.01251220703117363,0.016784667968647554,0.02026367187487632,0.032104492187304046,0.036743164062275735,0.03314208984354772,0.02508544921859689,0.020324707031125946,0.016296386718650534,0.01373291015616618,0.009399414062442631,0.00964355468744114,0.008972167968695238,0.010559082031185552,0.014892578124909102,0.02166748046861775,0.1442260742178697,0.4361572265598379,0.1044921875,0.220703125,0.2275390625,0.041015625,0.2158203125,0.310546875,0.29296875,0.03125,0.0947265625,0.09375,0.064453125,0.150390625,0.08984375,0.119140625,0.119140625,0.12109375,1
0.03540039062478393,0.023803710937354713,0.01470947265616022,0.010314941406187042,0.007934570312451572,0.009094238281194492,0.010070800781188532,0.009582519531191512,0.01184082031242773,0.016052246093652023,0.020202636718626692,0.03131103515605889,0.037048339843523875,0.031555175781057404,0.02557373046859391,0.01928710937488228,0.015136718749907612,0.01373291015616618,0.010009765624938905,0.008483886718698219,0.008117675781200453,0.009094238281194492,0.015319824218656495,0.02026367187487632,0.14483642578036598,0.441223144528557,0.041015625,0.2294921875,0.220703125,0.1044921875,0.03125,0.29296875,0.3046875,0.2138671875,0.1640625,0.0615234375,0.095703125,0.0947265625,0.12109375,0.1171875,0.1181640625,0.0888671875,1
0.03540039062478393,0.023803710937354713,0.01470947265616022,0.010314941406187042,0.007934570312451572,0.009094238281194492,0.010070800781188532,0.009582519531191512,0.01184082031242773,0.016052246093652023,0.020202636718626692,0.03131103515605889,0.037048339843523875,0.031555175781057404,0.02557373046859391,0.01928710937488228,0.015136718749907612,0.01373291015616618,0.010009765624938905,0.008483886718698219,0.008117675781200453,0.009094238281194492,0.015319824218656495,0.02026367187487632,0.14483642578036598,0.441223144528557,0.087890625,0.1181640625,0.1162109375,0.1201171875,0.0947265625,0.0966796875,0.0615234375,0.15234375,0.21484375,0.3076171875,0.2958984375,0.03125,0.10546875,0.22265625,0.2275390625,0.041015625,1
0.026672363281087203,0.017211914062394945,0.008789062499946355,0.00531005859371759,0.004394531249973178,0.004638671874971688,0.004394531249973178,0.0045776367187220605,0.007324218749955296,0.008605957031197473,0.010742187499934434,0.02191162109361626,0.02270507812486142,0.051086425780938194,0.023742675781105085,0.0451049804684747,0.01715087890614532,0.03833007812476605,0.009094238281194492,0.008178710937450082,0.008239746093699709,0.010009765624938905,0.014648437499910592,0.02172851562486738,0.22723388671736305,0.3781738281226918,0.09765625,0.2509765625,0.2314453125,0.037109375,0.1962890625,0.306640625,0.2802734375,0.0244140625,0.1142578125,0.1025390625,0.0947265625,0.076171875,0.0908203125,0.1279296875,0.12890625,0.115234375,1
0.03375244140604399,0.023010253906109557,0.016235351562400906,0.01062011718743518,0.008178710937450082,0.009948730468689278,0.009155273437444121,0.010803222656184061,0.013305664062418789,0.016723632812397925,0.01898193359363414,0.030822753906061873,0.03448486328103952,0.041809082030994815,0.02362060546860583,0.030883789062311498,0.01324462890616916,0.028564453124825657,0.008789062499946355,0.007995605468701199,0.007263183593705669,0.01062011718743518,0.014343261718662455,0.026123046874840558,0.08996582031195088,0.46075439452843775,0.10546875,0.1953125,0.2138671875,0.041015625,0.17578125,0.2744140625,0.287109375,0.03125,0.080078125,0.0029296875,0.0419921875,0.041015625,0.0556640625,0.0908203125,0.0908203125,0.1083984375,1
0.0339965820310425,0.023559570312356202,0.015991210937402398,0.010498046874935925,0.007141113281206414,0.008239746093699709,0.009521484374941885,0.008911132812445611,0.0111083984374322,0.01470947265616022,0.017211914062394945,0.026184082031090183,0.030029296874816716,0.028381347656076774,0.021118164062371103,0.017211914062394945,0.01232910156242475,0.009826660156190022,0.009582519531191512,0.007812499999952316,0.008178710937450082,0.009826660156190022,0.01324462890616916,0.02264404296861179,0.20806884765498004,0.414672851559969,0.13671875,0.1845703125,0.1044921875,0.03125,0.19921875,0.3408203125,0.2529296875,0.091796875,0.1279296875,0.1123046875,0.025390625,0.16015625,0.0654296875,0.134765625,0.0908203125,0.099609375,1
0.03283691406229958,0.01904296874988377,0.015197753906157239,0.009521484374941885,0.007690429687453061,0.009399414062442631,0.008178710937450082,0.009826660156190022,0.011901855468677357,0.015136718749907612,0.020202636718626692,0.027648925781081243,0.037719726562269774,0.028808593749824165,0.023254394531108065,0.01470947265616022,0.013122558593669906,0.01086425781243369,0.007751464843702689,0.008483886718698219,0.007568359374953806,0.01037597656243667,0.01495361328115873,0.018859863281134887,0.21313476562369912,0.4038085937475353,0.0439453125,0.1376953125,0.19921875,0.1044921875,0.1953125,0.326171875,0.2939453125,0.1103515625,0.0234375,0.0625,0.13671875,0.130859375,0.1123046875,0.0869140625,0.146484375,0.10546875,1
0.04205322265599332,0.02416992187485248,0.014831542968659475,0.010437011718686297,0.008300781249949336,0.007019042968707159,0.008911132812445611,0.010253906249937415,0.011535644531179591,0.013305664062418789,0.016967773437396437,0.025695800781093164,0.03179931640605591,0.03283691406229958,0.0191040039061334,0.016479492187399417,0.013610839843666926,0.010437011718686297,0.009521484374941885,0.007690429687453061,0.008056640624950826,0.009521484374941885,0.013610839843666926,0.0222167968748644,0.16430664062399714,0.44732666015351974,0.03125,0.13671875,0.0830078125,0.0595703125,0.0556640625,0.3271484375,0.2353515625,0.099609375,0.0380859375,0.23828125,0.3310546875,0.14453125,0.03125,0.1171875,0.15234375,0.1162109375,1
0.043212890624736246,0.023986816406103596,0.014343261718662455,0.010681152343684807,0.008789062499946355,0.0066528320312093945,0.008483886718698219,0.010559082031185552,0.011413574218680337,0.013366699218668416,0.017883300781140848,0.02514648437484652,0.03234863281230256,0.03216552734355368,0.01928710937488228,0.017272949218644574,0.012634277343672886,0.010925292968683317,0.009582519531191512,0.007751464843702689,0.008056640624950826,0.009460449218692258,0.013183593749919533,0.024230957031102104,0.1630859374990046,0.4454956054660309,0.0595703125,0.0830078125,0.1396484375,0.03125,0.0966796875,0.232421875,0.330078125,0.0576171875,0.1474609375,0.333984375,0.236328125,0.0263671875,0.1123046875,0.1513671875,0.11328125,0.03125,1
0.043212890624736246,0.023986816406103596,0.014343261718662455,0.010681152343684807,0.008789062499946355,0.0066528320312093945,0.008483886718698219,0.010559082031185552,0.011413574218680337,0.013366699218668416,0.017883300781140848,0.02514648437484652,0.03234863281230256,0.03216552734355368,0.01928710937488228,0.017272949218644574,0.012634277343672886,0.010925292968683317,0.009582519531191512,0.007751464843702689,0.008056640624950826,0.009460449218692258,0.013183593749919533,0.024230957031102104,0.1630859374990046,0.4454956054660309,0.03125,0.1171875,0.1513671875,0.1171875,0.0263671875,0.2392578125,0.3349609375,0.1494140625,0.0615234375,0.330078125,0.2333984375,0.0947265625,0.03125,0.140625,0.0830078125,0.0595703125,1
0.04101562499974966,0.025329589843595398,0.014526367187411338,0.00988769531243965,0.009033203124944865,0.007385253906204924,0.007751464843702689,0.0111083984374322,0.011047363281182571,0.014831542968659475,0.01757812499989271,0.026123046874840558,0.0322265624998033,0.048828124999701975,0.019836425781128927,0.033630371093544734,0.014038085937414319,0.0197753906248793,0.009094238281194492,0.008300781249949336,0.008239746093699709,0.00964355468744114,0.01275634765617214,0.02264404296861179,0.12036132812426537,0.4450073242160339,0.03125,0.1416015625,0.0849609375,0.0595703125,0.0634765625,0.328125,0.2265625,0.10546875,0.0400390625,0.263671875,0.32421875,0.1494140625,0.03125,0.1142578125,0.1767578125,0.1181640625,1
0.03948974609350897,0.0246582031248495,0.015197753906157239,0.009948730468689278,0.009704589843690768,0.007995605468701199,0.009338378906193002,0.01086425781243369,0.012878417968671396,0.014892578124909102,0.015808105468653515,0.02148437499986887,0.02239990234361328,0.031982421874804795,0.013427734374918043,0.022521972656112537,0.009399414062442631,0.017761230468641594,0.006347656249961257,0.007385253906204924,0.0066528320312093945,0.009765624999940395,0.01495361328115873,0.02746582031233236,0.12396240234299338,0.4937133789032366,0.0,0.07421875,0.046875,0.029296875,0.02734375,0.2587890625,0.1943359375,0.056640625,0.0146484375,0.1630859375,0.2998046875,0.091796875,0.0009765625,0.0517578125,0.0517578125,0.025390625,1
0.04119873046849854,0.025695800781093164,0.01275634765617214,0.007934570312451572,0.008666992187447101,0.0066528320312093945,0.00604248046871312,0.008544921874947846,0.010681152343684807,0.01232910156242475,0.01708984374989569,0.02191162109361626,0.02697753906233534,0.023010253906109557,0.01855468749988675,0.015624999999904632,0.010925292968683317,0.008239746093699709,0.007446289062454551,0.008300781249949336,0.008605957031197473,0.008483886718698219,0.01300048828117065,0.019653320312380044,0.23901367187354117,0.4126586914037313,0.076171875,0.107421875,0.056640625,0.03515625,0.0703125,0.2919921875,0.255859375,0.10546875,0.0517578125,0.212890625,0.30078125,0.2490234375,0.0546875,0.0869140625,0.1162109375,0.08984375,1
0.040832519531000776,0.023254394531108065,0.012145996093675867,0.009704589843690768,0.0065917968749597666,0.007812499999952316,0.008728027343696728,0.008972167968695238,0.01062011718743518,0.01135253906243071,0.01715087890614532,0.02270507812486142,0.02722167968733385,0.02362060546860583,0.020568847656124458,0.016784667968647554,0.012145996093675867,0.010253906249937415,0.007995605468701199,0.007568359374953806,0.006835937499958276,0.008239746093699709,0.01232910156242475,0.019409179687381536,0.23937988281103892,0.4077758789037611,0.03515625,0.06640625,0.099609375,0.0712890625,0.0439453125,0.3017578125,0.25390625,0.0888671875,0.095703125,0.2177734375,0.3349609375,0.1513671875,0.05859375,0.1416015625,0.2021484375,0.0556640625,1
0.04699707031221315,0.028259277343577516,0.014770507812409848,0.007934570312451572,0.007934570312451572,0.004943847656219825,0.007629394531203434,0.007507324218704179,0.008728027343696728,0.01184082031242773,0.01593017578115277,0.021179199218620732,0.027648925781081243,0.023315429687357694,0.01593017578115277,0.014404296874912082,0.009765624999940395,0.009460449218692258,0.007812499999952316,0.006835937499958276,0.007446289062454551,0.009277343749943375,0.013671874999916553,0.028137207031078262,0.17095947265520653,0.4716796874971211,0.220703125,0.1484375,0.1220703125,0.0869140625,0.06640625,0.2958984375,0.3515625,0.0791015625,0.08203125,0.3271484375,0.193359375,0.1181640625,0.1044921875,0.1572265625,0.083984375,0.111328125,1
0.046874999999713896,0.029113769531072302,0.014282226562412828,0.008728027343696728,0.007629394531203434,0.0046997070312213155,0.007202148437456041,0.007385253906204924,0.008361816406198963,0.012390136718674376,0.015075683593657985,0.02008056640612744,0.02752685546858199,0.02239990234361328,0.015624999999904632,0.014282226562412828,0.009094238281194492,0.010314941406187042,0.007507324218704179,0.0067138671874590215,0.0067138671874590215,0.009094238281194492,0.014648437499910592,0.028076171874828637,0.17138671874895392,0.4747924804658521,0.08984375,0.1220703125,0.1513671875,0.177734375,0.078125,0.353515625,0.2958984375,0.0654296875,0.115234375,0.1953125,0.3203125,0.0810546875,0.1572265625,0.0830078125,0.15625,0.1015625,1
0.046874999999713896,0.029113769531072302,0.014282226562412828,0.008728027343696728,0.007629394531203434,0.0046997070312213155,0.007202148437456041,0.007385253906204924,0.008361816406198963,0.012390136718674376,0.015075683593657985,0.02008056640612744,0.02752685546858199,0.02239990234361328,0.015624999999904632,0.014282226562412828,0.009094238281194492,0.010314941406187042,0.007507324218704179,0.0067138671874590215,0.0067138671874590215,0.009094238281194492,0.014648437499910592,0.028076171874828637,0.17138671874895392,0.4747924804658521,0.1015625,0.1572265625,0.0830078125,0.15625,0.0810546875,0.322265625,0.1943359375,0.12109375,0.076171875,0.296875,0.353515625,0.078125,0.1796875,0.1513671875,0.1220703125,0.08984375,1
0.031555175781057404,0.02246093749986291,0.010070800781188532,0.007080078124956786,0.006408691406210885,0.004638671874971688,0.0066528320312093945,0.007324218749955296,0.009155273437444121,0.01208496093742624,0.01715087890614532,0.02148437499986887,0.026184082031090183,0.04455566406222805,0.017761230468641594,0.03546142578103356,0.012939453124921023,0.026245117187339812,0.007995605468701199,0.007934570312451572,0.007446289062454551,0.011413574218680337,0.02026367187487632,0.02655029296858795,0.1693115234364666,0.42987060546612627,0.19140625,0.1708984375,0.1259765625,0.154296875,0.0419921875,0.310546875,0.3583984375,0.0810546875,0.03125,0.337890625,0.2255859375,0.1181640625,0.048828125,0.1689453125,0.083984375,0.111328125,1
0.04760742187470943,0.030822753906061873,0.015136718749907612,0.008544921874947846,0.007324218749955296,0.005004882812469452,0.006835937499958276,0.007507324218704179,0.007751464843702689,0.011169433593681827,0.014404296874912082,0.015991210937402398,0.023010253906109557,0.026611328124837578,0.011901855468677357,0.019653320312380044,0.006835937499958276,0.017456054687393457,0.00506591796871908,0.004150390624974668,0.004028320312475413,0.006103515624962747,0.01202392578117661,0.031555175781057404,0.12847900390546582,0.5250244140592955,0.0673828125,0.1005859375,0.083984375,0.080078125,0.0361328125,0.2265625,0.2841796875,0.0654296875,0.03125,0.2998046875,0.125,0.09375,0.05078125,0.14453125,0.0673828125,0.0625,1
0.04156494140599631,0.028076171874828637,0.014160156249913573,0.009399414062442631,0.0065307617187101395,0.005615234374965727,0.005859374999964237,0.007080078124956786,0.007629394531203434,0.011535644531179591,0.01446533203116171,0.01928710937488228,0.02410888671860285,0.02270507812486142,0.013854980468665436,0.01275634765617214,0.010681152343684807,0.008056640624950826,0.008483886718698219,0.006408691406210885,0.0065307617187101395,0.008483886718698219,0.014526367187411338,0.025329589843595398,0.23785400390479824,0.4290161132786315,0.087890625,0.1005859375,0.14453125,0.0419921875,0.1025390625,0.3369140625,0.3466796875,0.09375,0.052734375,0.298828125,0.2001953125,0.185546875,0.0390625,0.1416015625,0.0908203125,0.09375,1
0.041137695312248916,0.025756835937342792,0.01446533203116171,0.008728027343696728,0.007263183593705669,0.005187988281218335,0.0055541992187161,0.006958007812457531,0.008239746093699709,0.010192871093687788,0.01202392578117661,0.020324707031125946,0.024475097656100616,0.022521972656112537,0.014892578124909102,0.012695312499922513,0.008789062499946355,0.007934570312451572,0.007080078124956786,0.007629394531203434,0.007568359374953806,0.009582519531191512,0.01593017578115277,0.026611328124837578,0.23626708984230793,0.4321899414036121,0.064453125,0.1494140625,0.1015625,0.1015625,0.0458984375,0.2890625,0.3349609375,0.130859375,0.103515625,0.2607421875,0.224609375,0.138671875,0.0966796875,0.107421875,0.1240234375,0.0986328125,1
0.06848144531208201,0.041076660155999284,0.016540527343649043,0.008300781249949336,0.004638671874971688,0.002990722656231746,0.002868652343732491,0.002075195312487334,0.0023803710937354713,0.002868652343732491,0.003906249999976158,0.004272460937473923,0.009033203124944865,0.008544921874947846,0.002746582031233236,0.0055541992187161,0.0018920898437384515,0.0028076171874828635,0.0033569335937295107,0.0036010742187280206,0.004394531249973178,0.007141113281206414,0.015319824218656495,0.0426635742184896,0.21429443359244205,0.5182495117155869,0.2099609375,0.3466796875,0.3603515625,0.3173828125,0.2890625,0.380859375,0.369140625,0.3173828125,0.3173828125,0.3740234375,0.3828125,0.2607421875,0.1591796875,0.185546875,0.1962890625,0.0830078125,1
0.06848144531208201,0.04144287109349705,0.01568603515615426,0.008361816406198963,0.004516601562472433,0.0028076171874828635,0.0028076171874828635,0.002502441406234726,0.002075195312487334,0.0029296874999821185,0.004150390624974668,0.004394531249973178,0.008544921874947846,0.008728027343696728,0.0029296874999821185,0.005432128906216845,0.0021362304687369614,0.002990722656231746,0.0031738281249806283,0.0034790039062287657,0.004333496093723551,0.006896972656207904,0.015624999999904632,0.04302978515598736,0.21386718749869466,0.5186767578093342,0.294921875,0.3623046875,0.3447265625,0.2041015625,0.30859375,0.3671875,0.376953125,0.29296875,0.263671875,0.3818359375,0.373046875,0.318359375,0.0830078125,0.197265625,0.185546875,0.1513671875,1
0.06848144531208201,0.04144287109349705,0.01568603515615426,0.008361816406198963,0.004516601562472433,0.0028076171874828635,0.0028076171874828635,0.002502441406234726,0.002075195312487334,0.0029296874999821185,0.004150390624974668,0.004394531249973178,0.008544921874947846,0.008728027343696728,0.0029296874999821185,0.005432128906216845,0.0021362304687369614,0.002990722656231746,0.0031738281249806283,0.0034790039062287657,0.004333496093723551,0.006896972656207904,0.015624999999904632,0.04302978515598736,0.21386718749869466,0.5186767578093342,0.150390625,0.185546875,0.197265625,0.0830078125,0.3203125,0.373046875,0.3828125,0.265625,0.2890625,0.376953125,0.3671875,0.3076171875,0.2041015625,0.345703125,0.361328125,0.2939453125,1
0.07080078124956786,0.04394531249973178,0.014526367187411338,0.007873535156201943,0.004394531249973178,0.0031738281249806283,0.0028076171874828635,0.0022583007812362163,0.0029296874999821185,0.003234863281230256,0.004272460937473923,0.0048828124999701975,0.008666992187447101,0.025268554687345773,0.0033569335937295107,0.02148437499986887,0.002319335937485844,0.011901855468677357,0.0029296874999821185,0.003967285156225786,0.004272460937473923,0.006958007812457531,0.015136718749907612,0.04327392578098588,0.169738769530214,0.5156249999968529,0.2412109375,0.3505859375,0.3623046875,0.333984375,0.2744140625,0.3779296875,0.3525390625,0.2861328125,0.333984375,0.3759765625,0.380859375,0.2841796875,0.1669921875,0.1884765625,0.197265625,0.1259765625,1
0.06604003906209692,0.04174804687474519,0.01593017578115277,0.007934570312451572,0.004089355468725041,0.003112792968731001,0.0024414062499850987,0.0021362304687369614,0.0022583007812362163,0.002624511718733981,0.004089355468725041,0.004150390624974668,0.007080078124956786,0.020812988281122966,0.0025634765624843537,0.017883300781140848,0.002075195312487334,0.01660156249989867,0.002990722656231746,0.0037231445312272756,0.003112792968731001,0.0066528320312093945,0.013061523437420279,0.04791259765595756,0.14477539062411635,0.5541992187466174,0.1162109375,0.3115234375,0.3310546875,0.1376953125,0.21875,0.34765625,0.349609375,0.138671875,0.2216796875,0.361328125,0.3828125,0.1533203125,0.0595703125,0.14453125,0.1796875,0.0634765625,1
0.0657958984370984,0.03839111328101568,0.014404296874912082,0.007019042968707159,0.004455566406222806,0.0036010742187280206,0.0030517578124813734,0.0025634765624843537,0.0031738281249806283,0.002746582031233236,0.0036010742187280206,0.005187988281218335,0.009521484374941885,0.006164550781212375,0.003112792968731001,0.0033569335937295107,0.003234863281230256,0.002502441406234726,0.0018920898437384515,0.0026855468749836086,0.004272460937473923,0.006835937499958276,0.016052246093652023,0.04217529296849258,0.283935546873267,0.46026611327844075,0.259765625,0.361328125,0.31640625,0.15234375,0.337890625,0.3759765625,0.37890625,0.2763671875,0.3046875,0.375,0.3681640625,0.275390625,0.1318359375,0.2001953125,0.1767578125,0.109375,1
0.06451416015585623,0.040100097656005244,0.012939453124921023,0.006347656249961257,0.004455566406222806,0.004089355468725041,0.0036010742187280206,0.002990722656231746,0.002746582031233236,0.003234863281230256,0.004089355468725041,0.005004882812469452,0.010192871093687788,0.006469726562460512,0.003967285156225786,0.0037231445312272756,0.003112792968731001,0.002990722656231746,0.0025634765624843537,0.004638671874971688,0.004516601562472433,0.007507324218704179,0.01617431640615128,0.040100097656005244,0.2830810546857722,0.4568481445284616,0.109375,0.2998046875,0.341796875,0.2841796875,0.28515625,0.365234375,0.3818359375,0.31640625,0.267578125,0.3876953125,0.3720703125,0.2294921875,0.0947265625,0.1875,0.1904296875,0.05078125,1
0.049682617187196756,0.029113769531072302,0.015624999999904632,0.007995605468701199,0.0066528320312093945,0.006469726562460512,0.0045776367187220605,0.005371093749967217,0.006347656249961257,0.006835937499958276,0.00988769531243965,0.014831542968659475,0.022949218749859928,0.024291992187351733,0.01397705078116469,0.014404296874912082,0.00964355468744114,0.010314941406187042,0.009338378906193002,0.008239746093699709,0.009948730468689278,0.011413574218680337,0.01568603515615426,0.0246582031248495,0.23492431640481612,0.42681884765364486,0.1982421875,0.2275390625,0.1875,0.26171875,0.21875,0.3671875,0.3427734375,0.2841796875,0.158203125,0.333984375,0.2294921875,0.1376953125,0.115234375,0.107421875,0.1201171875,0.162109375,1
0.04943847656219825,0.02966308593731895,0.015808105468653515,0.007873535156201943,0.005859374999964237,0.00604248046871312,0.0047607421874709425,0.005432128906216845,0.00604248046871312,0.007446289062454551,0.009948730468689278,0.015014648437408358,0.0222167968748644,0.024414062499850987,0.013549804687417299,0.014404296874912082,0.010009765624938905,0.010681152343684807,0.009094238281194492,0.008544921874947846,0.009216308593693748,0.010986328124932944,0.015258789062406868,0.024414062499850987,0.2352905273423139,0.4285888671848841,0.263671875,0.1796875,0.2255859375,0.2060546875,0.2900390625,0.3466796875,0.3662109375,0.2333984375,0.1328125,0.2255859375,0.3330078125,0.150390625,0.1044921875,0.123046875,0.099609375,0.099609375,1
0.04943847656219825,0.02966308593731895,0.015808105468653515,0.007873535156201943,0.005859374999964237,0.00604248046871312,0.0047607421874709425,0.005432128906216845,0.00604248046871312,0.007446289062454551,0.009948730468689278,0.015014648437408358,0.0222167968748644,0.024414062499850987,0.013549804687417299,0.014404296874912082,0.010009765624938905,0.010681152343684807,0.009094238281194492,0.008544921874947846,0.009216308593693748,0.010986328124932944,0.015258789062406868,0.024414062499850987,0.2352905273423139,0.4285888671848841,0.103515625,0.1015625,0.1240234375,0.119140625,0.1572265625,0.3330078125,0.2255859375,0.134765625,0.2333984375,0.3662109375,0.34765625,0.2900390625,0.1982421875,0.23046875,0.185546875,0.2705078125,1
0.04833984374970496,0.031982421874804795,0.014526367187411338,0.007812499999952316,0.006164550781212375,0.0048828124999701975,0.004150390624974668,0.004943847656219825,0.0065917968749597666,0.007995605468701199,0.009338378906193002,0.015319824218656495,0.02215576171861477,0.05303955078092627,0.013793945312415809,0.044616699218477676,0.010559082031185552,0.04162597656224593,0.00964355468744114,0.007995605468701199,0.009765624999940395,0.011535644531179591,0.016052246093652023,0.02319335937485844,0.14385986328037195,0.43011474609112477,0.2392578125,0.236328125,0.1787109375,0.275390625,0.1689453125,0.373046875,0.3017578125,0.140625,0.123046875,0.333984375,0.1943359375,0.0478515625,0.1015625,0.126953125,0.12890625,0.1259765625,1
0.05139160156218633,0.030883789062311498,0.016052246093652023,0.009094238281194492,0.006103515624962747,0.007507324218704179,0.005432128906216845,0.005981445312463492,0.007324218749955296,0.007324218749955296,0.009460449218692258,0.011962890624926984,0.017700195312391965,0.04675292968721464,0.006958007812457531,0.037475585937271266,0.005371093749967217,0.03387451171854324,0.00506591796871908,0.005676269531215355,0.00579833984371461,0.008300781249949336,0.015502929687405378,0.0413208007809978,0.1362304687491685,0.46545410155965905,0.1396484375,0.173828125,0.1171875,0.2119140625,0.1748046875,0.3056640625,0.2666015625,0.169921875,0.0869140625,0.2939453125,0.2021484375,0.0322265625,0.1103515625,0.0751953125,0.0771484375,0.0703125,1
0.046142578124718364,0.02893066406232342,0.014282226562412828,0.008544921874947846,0.006103515624962747,0.005676269531215355,0.005126953124968707,0.004516601562472433,0.006103515624962747,0.008239746093699709,0.010192871093687788,0.016906738281146808,0.02648925781233832,0.018798828124885262,0.017028808593646062,0.013549804687417299,0.011047363281182571,0.01135253906243071,0.00964355468744114,0.009460449218692258,0.008544921874947846,0.010009765624938905,0.01397705078116469,0.02270507812486142,0.27001953124835193,0.39660644531007927,0.1865234375,0.12109375,0.2470703125,0.123046875,0.2587890625,0.38671875,0.29296875,0.1875,0.12890625,0.349609375,0.2744140625,0.064453125,0.08203125,0.1396484375,0.1708984375,0.060546875,1
0.047180175780962036,0.029785156249818204,0.014770507812409848,0.009521484374941885,0.005615234374965727,0.005371093749967217,0.0046997070312213155,0.004638671874971688,0.005371093749967217,0.0067138671874590215,0.009948730468689278,0.01660156249989867,0.025939941406091675,0.01995849609362818,0.01757812499989271,0.011962890624926984,0.010498046874935925,0.01062011718743518,0.008239746093699709,0.008605957031197473,0.009399414062442631,0.009826660156190022,0.015197753906157239,0.02050781249987483,0.271484374998343,0.3999633789038088,0.0849609375,0.2919921875,0.158203125,0.1455078125,0.1416015625,0.375,0.3623046875,0.2919921875,0.1904296875,0.3408203125,0.1787109375,0.109375,0.076171875,0.1298828125,0.1123046875,0.0849609375,1
0.02722167968733385,0.01953124999988079,0.013305664062418789,0.011474609374929964,0.009216308593693748,0.008178710937450082,0.0065307617187101395,0.006835937499958276,0.008422851562448591,0.011413574218680337,0.015624999999904632,0.03460693359353877,0.052185058593431484,0.04772949218720868,0.02514648437484652,0.02697753906233534,0.014648437499910592,0.01959228515613042,0.01135253906243071,0.011779785156178101,0.00964355468744114,0.011291503906181081,0.01257324218742326,0.01251220703117363,0.3273315429667521,0.2448730468735054,0.068359375,0.0625,0.0400390625,0.041015625,0.0625,0.0,0.0,0.03125,0.09375,0.046875,0.0,0.052734375,0.0595703125,0.056640625,0.07421875,0.0634765625,0
0.03302001953104846,0.02459716796859987,0.01806640624988973,0.014892578124909102,0.013061523437420279,0.011657714843678847,0.009704589843690768,0.013122558593669906,0.012695312499922513,0.0191040039061334,0.025817871093592418,0.049133300780950115,0.07061767578081898,0.06518554687460214,0.03497314453103654,0.0284423828123264,0.02099609374987185,0.021789550781117006,0.016784667968647554,0.01446533203116171,0.013427734374918043,0.016357421874900163,0.019165039062383024,0.020568847656124458,0.08337402343699112,0.32897949218549205,0.0458984375,0.0625,0.0673828125,0.0634765625,0.03125,0.0,0.0,0.0625,0.052734375,0.0,0.0439453125,0.095703125,0.0625,0.0693359375,0.056640625,0.0537109375,0
0.03302001953104846,0.02459716796859987,0.01806640624988973,0.014892578124909102,0.013061523437420279,0.011657714843678847,0.009704589843690768,0.013122558593669906,0.012695312499922513,0.0191040039061334,0.025817871093592418,0.049133300780950115,0.07061767578081898,0.06518554687460214,0.03497314453103654,0.0284423828123264,0.02099609374987185,0.021789550781117006,0.016784667968647554,0.01446533203116171,0.013427734374918043,0.016357421874900163,0.019165039062383024,0.020568847656124458,0.08337402343699112,0.32897949218549205,0.0537109375,0.056640625,0.0693359375,0.0625,0.095703125,0.0439453125,0.0,0.052734375,0.0625,0.0,0.0,0.03125,0.0634765625,0.0673828125,0.0625,0.0458984375,0
0.028259277343577516,0.030212402343565595,0.01953124999988079,0.01715087890614532,0.014526367187411338,0.012878417968671396,0.009826660156190022,0.011413574218680337,0.013366699218668416,0.01904296874988377,0.024902343749848007,0.04937744140594862,0.07122802734331525,0.06414794921835847,0.03448486328103952,0.02990722656231746,0.021118164062371103,0.0228881835936103,0.016235351562400906,0.014160156249913573,0.0142211914061632,0.017944335937390476,0.020202636718626692,0.019897460937378555,0.08105468749950528,0.3220214843730345,0.0625,0.0654296875,0.0625,0.0458984375,0.0625,0.0,0.0,0.03125,0.0966796875,0.06640625,0.0,0.05078125,0.05859375,0.056640625,0.0693359375,0.0625,0
0.03546142578103356,0.02404785156235322,0.01904296874988377,0.016723632812397925,0.01470947265616022,0.0111083984374322,0.008666992187447101,0.01135253906243071,0.013122558593669906,0.015991210937402398,0.023315429687357694,0.03649902343727723,0.05499267578091435,0.05181884765593372,0.027587890624831617,0.02502441406234726,0.01715087890614532,0.018737792968635633,0.013549804687417299,0.014282226562412828,0.013305664062418789,0.015808105468653515,0.018920898437384516,0.0260009765623413,0.1197509765617691,0.3530273437478453,0.056640625,0.03125,0.03125,0.041015625,0.03125,0.0,0.0,0.03125,0.0732421875,0.046875,0.0,0.0458984375,0.04296875,0.04296875,0.0693359375,0.0634765625,0
0.027832031249830125,0.018310546874888242,0.013916015624915063,0.013305664062418789,0.012390136718674376,0.01184082031242773,0.009338378906193002,0.009582519531191512,0.01251220703117363,0.017272949218644574,0.02191162109361626,0.051513671874685585,0.07397460937454849,0.06475830078085475,0.03259277343730107,0.023925781249853968,0.018371582031137867,0.017395019531143828,0.01202392578117661,0.01257324218742326,0.013305664062418789,0.01324462890616916,0.0166625976561483,0.015258789062406868,0.20056152343627587,0.26562499999837874,0.078125,0.037109375,0.05859375,0.044921875,0.0087890625,0.0,0.0009765625,0.09375,0.1533203125,0.048828125,0.0068359375,0.0517578125,0.091796875,0.06640625,0.087890625,0.076171875,0
0.026855468749836086,0.01898193359363414,0.01708984374989569,0.014343261718662455,0.012695312499922513,0.012695312499922513,0.010070800781188532,0.01013183593743816,0.012634277343672886,0.018798828124885262,0.026855468749836086,0.045043945312225074,0.06896972656207905,0.0537719726559218,0.029846191406067833,0.022827148437360674,0.01806640624988973,0.01641845703114979,0.01617431640615128,0.013305664062418789,0.011901855468677357,0.016296386718650534,0.016906738281146808,0.015075683593657985,0.20904541015497408,0.26519775390463135,0.0751953125,0.0263671875,0.0390625,0.0625,0.1279296875,0.0,0.0,0.037109375,0.072265625,0.0341796875,0.0,0.08984375,0.0771484375,0.0712890625,0.076171875,0.060546875,0
0.03350830078104548,0.019165039062383024,0.01300048828117065,0.007751464843702689,0.005981445312463492,0.005615234374965727,0.004516601562472433,0.006958007812457531,0.0066528320312093945,0.008850097656195982,0.01037597656243667,0.024230957031102104,0.04168701171849556,0.036315917968528344,0.01953124999988079,0.018005371093640102,0.010986328124932944,0.014282226562412828,0.00628662109371163,0.006225585937462002,0.0065917968749597666,0.008666992187447101,0.010437011718686297,0.014648437499910592,0.43408203124735056,0.22564697265487274,0.0556640625,0.0439453125,0.0439453125,0.01171875,0.0380859375,0.0,0.0,0.033203125,0.0849609375,0.0,0.0,0.03125,0.0498046875,0.0625,0.03125,0.052734375,0
0.03863525390601419,0.02551269531234428,0.019409179687381536,0.012207031249925494,0.01086425781243369,0.010498046874935925,0.009155273437444121,0.011901855468677357,0.013183593749919533,0.0166625976561483,0.01849365234363712,0.036193847656029086,0.06127929687462598,0.05316162109342552,0.027160644531084223,0.024291992187351733,0.018005371093640102,0.023071289062359182,0.015747070312403886,0.01904296874988377,0.018432617187387496,0.018371582031137867,0.01947021484363116,0.024902343749848007,0.09857177734314836,0.3557739257790785,0.01171875,0.0439453125,0.044921875,0.0556640625,0.033203125,0.0,0.0,0.0390625,0.03125,0.0,0.0,0.068359375,0.052734375,0.03125,0.03125,0.0322265625,0
0.03863525390601419,0.02551269531234428,0.019409179687381536,0.012207031249925494,0.01086425781243369,0.010498046874935925,0.009155273437444121,0.011901855468677357,0.013183593749919533,0.0166625976561483,0.01849365234363712,0.036193847656029086,0.06127929687462598,0.05316162109342552,0.027160644531084223,0.024291992187351733,0.018005371093640102,0.02313232421860881,0.01568603515615426,0.0191040039061334,0.018371582031137867,0.018371582031137867,0.01947021484363116,0.024902343749848007,0.09857177734314836,0.3557739257790785,0.0322265625,0.03125,0.03125,0.052734375,0.068359375,0.0,0.0,0.03125,0.0390625,0.0,0.0,0.033203125,0.0556640625,0.044921875,0.0439453125,0.01171875,0
0.04205322265599332,0.02655029296858795,0.019714355468629673,0.01232910156242475,0.01086425781243369,0.0111083984374322,0.009582519531191512,0.012390136718674376,0.01324462890616916,0.016296386718650534,0.018371582031137867,0.03668212890602611,0.061767578124622996,0.05737304687464982,0.02648925781233832,0.026367187499839066,0.018249511718638613,0.022827148437360674,0.0166625976561483,0.017517089843643082,0.01806640624988973,0.01953124999988079,0.017883300781140848,0.0228881835936103,0.10223388671812601,0.34295654296665673,0.0556640625,0.041015625,0.04296875,0.01171875,0.0439453125,0.0,0.0,0.033203125,0.0859375,0.0,0.0,0.03125,0.05078125,0.0625,0.03125,0.0703125,0
0.04254150390599035,0.026855468749836086,0.014526367187411338,0.01202392578117661,0.008544921874947846,0.008911132812445611,0.007934570312451572,0.01275634765617214,0.01135253906243071,0.017028808593646062,0.019653320312380044,0.03417968749979138,0.0520019531246826,0.045593261718471716,0.0222167968748644,0.019714355468629673,0.016357421874900163,0.016967773437396437,0.011657714843678847,0.014160156249913573,0.016357421874900163,0.01995849609362818,0.023742675781105085,0.02191162109361626,0.13983154296789652,0.36322021484153305,0.0556640625,0.033203125,0.0439453125,0.01171875,0.044921875,0.0,0.0,0.0341796875,0.0703125,0.0,0.0,0.0322265625,0.056640625,0.05078125,0.0322265625,0.044921875,0
0.03424072265604101,0.020141601562377064,0.015747070312403886,0.011047363281182571,0.009460449218692258,0.010070800781188532,0.008605957031197473,0.008789062499946355,0.011413574218680337,0.015869140624903143,0.02075195312487334,0.040405273437253385,0.06475830078085475,0.049316406249699,0.027282714843583477,0.0197753906248793,0.016967773437396437,0.015380859374906122,0.014526367187411338,0.01470947265616022,0.0166625976561483,0.01641845703114979,0.01855468749988675,0.01953124999988079,0.20434570312375278,0.29522705077944805,0.0625,0.0478515625,0.046875,0.041015625,0.0244140625,0.0,0.0205078125,0.080078125,0.1328125,0.0,0.0,0.0302734375,0.0458984375,0.052734375,0.044921875,0.0625,0
0.03161621093730703,0.020629882812374083,0.016296386718650534,0.011291503906181081,0.010742187499934434,0.010681152343684807,0.008483886718698219,0.010070800781188532,0.01251220703117363,0.014587402343660965,0.020141601562377064,0.04034423828100376,0.06457519531210586,0.04486083984347619,0.025695800781093164,0.018737792968635633,0.016479492187399417,0.017028808593646062,0.01495361328115873,0.01806640624988973,0.017517089843643082,0.016845703124897183,0.02142333984361924,0.018737792968635633,0.20434570312375278,0.2933349609357096,0.068359375,0.013671875,0.0439453125,0.07421875,0.09375,0.0,0.0,0.03125,0.046875,0.0,0.0,0.0693359375,0.068359375,0.0458984375,0.03125,0.0703125,0
0.03918457031226084,0.03686523437477499,0.010070800781188532,0.005981445312463492,0.00579833984371461,0.005859374999964237,0.00628662109371163,0.007507324218704179,0.007568359374953806,0.011169433593681827,0.010986328124932944,0.018188476562388985,0.023559570312356202,0.019714355468629673,0.013122558593669906,0.019226074218632653,0.011779785156178101,0.01037597656243667,0.008422851562448591,0.010925292968683317,0.008850097656195982,0.014648437499910592,0.0260009765623413,0.031677246093556655,0.11962890624926983,0.5166015624968469,0.0458984375,0.078125,0.1328125,0.24609375,0.1591796875,0.0,0.068359375,0.0927734375,0.1845703125,0.02734375,0.0361328125,0.080078125,0.21484375,0.1201171875,0.0859375,0.216796875,0
0.042785644530988855,0.038696289062263814,0.014892578124909102,0.009704589843690768,0.008178710937450082,0.007934570312451572,0.008972167968695238,0.010925292968683317,0.01251220703117363,0.01593017578115277,0.01855468749988675,0.026611328124837578,0.03112792968731001,0.028320312499827145,0.016906738281146808,0.0166625976561483,0.011657714843678847,0.01037597656243667,0.008850097656195982,0.009094238281194492,0.00604248046871312,0.007995605468701199,0.013854980468665436,0.03204345703105442,0.04327392578098588,0.5480957031216547,0.244140625,0.1337890625,0.0791015625,0.0654296875,0.083984375,0.0673828125,0.0,0.1484375,0.0498046875,0.0361328125,0.02734375,0.1845703125,0.212890625,0.0859375,0.119140625,0.2177734375,0
0.042785644530988855,0.038696289062263814,0.014892578124909102,0.009704589843690768,0.008178710937450082,0.007934570312451572,0.008972167968695238,0.010925292968683317,0.01251220703117363,0.01593017578115277,0.01855468749988675,0.026611328124837578,0.03112792968731001,0.028320312499827145,0.016906738281146808,0.0166625976561483,0.011657714843678847,0.010437011718686297,0.008789062499946355,0.009094238281194492,0.00604248046871312,0.007995605468701199,0.013854980468665436,0.03204345703105442,0.04327392578098588,0.5480957031216547,0.2158203125,0.119140625,0.0859375,0.2119140625,0.185546875,0.02734375,0.03515625,0.0498046875,0.150390625,0.0,0.0673828125,0.0947265625,0.0654296875,0.078125,0.134765625,0.244140625,0
0.04357910156223401,0.03979492187475711,0.014648437499910592,0.009460449218692258,0.008239746093699709,0.007812499999952316,0.009460449218692258,0.011657714843678847,0.01275634765617214,0.015808105468653515,0.01708984374989569,0.026855468749836086,0.030517578124813736,0.028320312499827145,0.01641845703114979,0.017456054687393457,0.011169433593681827,0.010070800781188532,0.009704589843690768,0.008117675781200453,0.006103515624962747,0.007263183593705669,0.012634277343672886,0.032653808593550694,0.0426635742184896,0.5497436523403946,0.083984375,0.0859375,0.140625,0.2529296875,0.1552734375,0.0,0.06640625,0.1083984375,0.185546875,0.0263671875,0.0361328125,0.0947265625,0.224609375,0.1201171875,0.083984375,0.216796875,0
0.0451049804684747,0.038024902343517915,0.014099121093663946,0.009094238281194492,0.007324218749955296,0.006958007812457531,0.008117675781200453,0.008728027343696728,0.009155273437444121,0.01281738281242177,0.014770507812409848,0.02368164062485546,0.025878906249842046,0.025939941406091675,0.0166625976561483,0.015136718749907612,0.01251220703117363,0.011230468749931454,0.008544921874947846,0.009338378906193002,0.0065917968749597666,0.009765624999940395,0.015319824218656495,0.035644531249782445,0.05810546874964535,0.5514526367153841,0.044921875,0.0771484375,0.12890625,0.2431640625,0.11328125,0.0,0.0185546875,0.0615234375,0.1533203125,0.0,0.0,0.0048828125,0.2177734375,0.0546875,0.0693359375,0.15625,0
0.04028320312475413,0.02655029296858795,0.013793945312415809,0.009216308593693748,0.007324218749955296,0.008178710937450082,0.008300781249949336,0.011962890624926984,0.014282226562412828,0.017822265624891222,0.02075195312487334,0.026367187499839066,0.03259277343730107,0.028564453124825657,0.017456054687393457,0.016540527343649043,0.01232910156242475,0.008789062499946355,0.008850097656195982,0.006896972656207904,0.006958007812457531,0.00628662109371163,0.011291503906181081,0.022033691406115517,0.16625976562398523,0.4503173828097515,0.078125,0.1328125,0.1357421875,0.1123046875,0.0751953125,0.0146484375,0.0478515625,0.11328125,0.1884765625,0.001953125,0.060546875,0.04296875,0.1064453125,0.11328125,0.1337890625,0.0966796875,0
0.038024902343517915,0.02795410156232938,0.01275634765617214,0.009155273437444121,0.009033203124944865,0.009338378906193002,0.00964355468744114,0.010437011718686297,0.014038085937414319,0.01757812499989271,0.02191162109361626,0.02966308593731895,0.031188964843559635,0.0322265624998033,0.020385742187375575,0.018371582031137867,0.01226806640617512,0.00964355468744114,0.008239746093699709,0.007995605468701199,0.005737304687464982,0.008178710937450082,0.010314941406187042,0.022766113281111045,0.16766357421772665,0.43548583984109196,0.0546875,0.0478515625,0.072265625,0.138671875,0.203125,0.0,0.076171875,0.060546875,0.0869140625,0.068359375,0.0205078125,0.1044921875,0.1220703125,0.1123046875,0.1357421875,0.111328125,0
0.039123535156011205,0.022827148437360674,0.010986328124932944,0.005981445312463492,0.005859374999964237,0.007080078124956786,0.005920410156213865,0.008544921874947846,0.013366699218668416,0.021850585937366634,0.03314208984354772,0.04650878906221613,0.04907226562470048,0.04974365234344639,0.034667968749788405,0.03149414062480777,0.01849365234363712,0.01947021484363116,0.009948730468689278,0.011413574218680337,0.010253906249937415,0.013671874999916553,0.017456054687393457,0.02337646484360732,0.1300048828117065,0.3597412109353043,0.3564453125,0.0888671875,0.0634765625,0.2353515625,0.337890625,0.0498046875,0.0,0.1904296875,0.369140625,0.0322265625,0.0,0.203125,0.330078125,0.068359375,0.0322265625,0.197265625,0
0.039001464843511954,0.022827148437360674,0.010803222656184061,0.005859374999964237,0.0067138671874590215,0.008789062499946355,0.008605957031197473,0.013793945312415809,0.018371582031137867,0.03106689453106038,0.048583984374703466,0.06781005859333612,0.07141113281206414,0.06414794921835847,0.040100097656005244,0.030212402343565595,0.017028808593646062,0.01397705078116469,0.008056640624950826,0.008300781249949336,0.005432128906216845,0.007568359374953806,0.01184082031242773,0.024963378906097636,0.04168701171849556,0.3730468749977231,0.22265625,0.0654296875,0.072265625,0.3564453125,0.197265625,0.0,0.03125,0.341796875,0.19921875,0.0,0.0322265625,0.3720703125,0.1982421875,0.0322265625,0.068359375,0.328125,0
0.039001464843511954,0.022827148437360674,0.010803222656184061,0.005859374999964237,0.0067138671874590215,0.008789062499946355,0.008605957031197473,0.013793945312415809,0.018371582031137867,0.03106689453106038,0.048583984374703466,0.06768798828083686,0.07153320312456339,0.06414794921835847,0.040100097656005244,0.030212402343565595,0.017028808593646062,0.01397705078116469,0.008056640624950826,0.008300781249949336,0.005432128906216845,0.007568359374953806,0.01184082031242773,0.024963378906097636,0.04168701171849556,0.3730468749977231,0.3271484375,0.068359375,0.0322265625,0.197265625,0.373046875,0.0322265625,0.0,0.2001953125,0.3408203125,0.03125,0.0,0.1982421875,0.359375,0.0732421875,0.0654296875,0.22265625,0
0.04144287109349705,0.02368164062485546,0.01232910156242475,0.005981445312463492,0.0065917968749597666,0.008789062499946355,0.009094238281194492,0.013061523437420279,0.017761230468641594,0.031005859374810756,0.04986572265594564,0.06787109374958575,0.07385253906204924,0.06451416015585623,0.03930664062476009,0.029235839843571556,0.01611328124990165,0.013183593749919533,0.007751464843702689,0.008483886718698219,0.005432128906216845,0.008117675781200453,0.011779785156178101,0.02410888671860285,0.04156494140599631,0.3690795898414973,0.3544921875,0.0908203125,0.0654296875,0.1279296875,0.33984375,0.0625,0.0,0.171875,0.3701171875,0.0546875,0.0,0.203125,0.333984375,0.068359375,0.0322265625,0.22265625,0
0.04058837890600227,0.024902343749848007,0.01202392578117661,0.006408691406210885,0.005493164062466472,0.006896972656207904,0.0066528320312093945,0.011474609374929964,0.016479492187399417,0.02514648437484652,0.043212890624736246,0.060668945312129706,0.06182861328087263,0.05499267578091435,0.04028320312475413,0.028503417968576028,0.017395019531143828,0.017517089843643082,0.009704589843690768,0.009277343749943375,0.007080078124956786,0.008972167968695238,0.014038085937414319,0.0228881835936103,0.06103515624962747,0.3865356445288908,0.345703125,0.068359375,0.060546875,0.1845703125,0.3212890625,0.0068359375,0.0,0.193359375,0.34765625,0.0,0.0,0.1865234375,0.2880859375,0.0361328125,0.03125,0.1650390625,0
0.030761718749812244,0.01812744140613936,0.008666992187447101,0.005249023437467962,0.006469726562460512,0.009277343749943375,0.009277343749943375,0.010559082031185552,0.018249511718638613,0.028991699218573048,0.04638671874971688,0.06915283203082792,0.08740234374946654,0.0637817382808607,0.03991699218725636,0.0246582031248495,0.016967773437396437,0.011901855468677357,0.0065307617187101395,0.00604248046871312,0.004638671874971688,0.007568359374953806,0.010314941406187042,0.015014648437408358,0.14636230468660666,0.2977294921856828,0.2041015625,0.0615234375,0.05859375,0.15625,0.3193359375,0.009765625,0.0,0.2197265625,0.306640625,0.103515625,0.0,0.12109375,0.1962890625,0.2001953125,0.0458984375,0.06640625,0
0.03137207031230852,0.016357421874900163,0.009094238281194492,0.00579833984371461,0.005920410156213865,0.009338378906193002,0.008483886718698219,0.014404296874912082,0.020141601562377064,0.029296874999821185,0.045593261718471716,0.06793212890583537,0.07855224609327055,0.05731201171840019,0.039001464843511954,0.024902343749848007,0.01757812499989271,0.012207031249925494,0.007873535156201943,0.006164550781212375,0.0047607421874709425,0.007202148437456041,0.010925292968683317,0.01617431640615128,0.14672851562410444,0.3068847656231269,0.1923828125,0.2626953125,0.0595703125,0.1044921875,0.34375,0.1103515625,0.0,0.1259765625,0.291015625,0.0087890625,0.0,0.21875,0.1806640625,0.046875,0.0244140625,0.1669921875,0
0.04272460937473923,0.021606445312368123,0.013061523437420279,0.010559082031185552,0.007690429687453061,0.00579833984371461,0.0065307617187101395,0.007568359374953806,0.008850097656195982,0.011657714843678847,0.014343261718662455,0.025939941406091675,0.04412841796848066,0.033691406249794366,0.016052246093652023,0.019836425781128927,0.009521484374941885,0.01086425781243369,0.007690429687453061,0.007446289062454551,0.007995605468701199,0.011474609374929964,0.015319824218656495,0.01947021484363116,0.30273437499815226,0.31744384765431244,0.1982421875,0.1103515625,0.123046875,0.28515625,0.263671875,0.0,0.0595703125,0.2568359375,0.2646484375,0.0673828125,0.0615234375,0.10546875,0.25390625,0.0615234375,0.068359375,0.2197265625,0
0.04986572265594564,0.026306152343589437,0.018005371093640102,0.013854980468665436,0.011169433593681827,0.009521484374941885,0.01037597656243667,0.010437011718686297,0.01348876953116767,0.01715087890614532,0.021789550781117006,0.03784179687476903,0.060791015624628957,0.045593261718471716,0.02703857421858497,0.02215576171861477,0.014282226562412828,0.014892578124909102,0.012390136718674376,0.014038085937414319,0.012878417968671396,0.01397705078116469,0.018676757812386004,0.023498535156106577,0.05773925781214759,0.42224121093492284,0.283203125,0.123046875,0.1123046875,0.1982421875,0.2568359375,0.05859375,0.0,0.263671875,0.10546875,0.0283203125,0.060546875,0.2646484375,0.201171875,0.0576171875,0.0576171875,0.236328125,0
0.04986572265594564,0.026306152343589437,0.018005371093640102,0.013854980468665436,0.011169433593681827,0.009521484374941885,0.01037597656243667,0.010437011718686297,0.01348876953116767,0.01715087890614532,0.021789550781117006,0.03784179687476903,0.060791015624628957,0.045593261718471716,0.02703857421858497,0.02215576171861477,0.014282226562412828,0.014892578124909102,0.012390136718674376,0.014038085937414319,0.012878417968671396,0.01397705078116469,0.018676757812386004,0.023498535156106577,0.05773925781214759,0.42224121093492284,0.2373046875,0.0576171875,0.0576171875,0.203125,0.2666015625,0.060546875,0.0283203125,0.10546875,0.263671875,0.0,0.05859375,0.2548828125,0.1982421875,0.1123046875,0.1240234375,0.2822265625,0
0.03979492187475711,0.02990722656231746,0.0166625976561483,0.01348876953116767,0.008483886718698219,0.010925292968683317,0.009826660156190022,0.01062011718743518,0.012878417968671396,0.018188476562388985,0.0228881835936103,0.03784179687476903,0.061645507812123745,0.04522705078097396,0.027832031249830125,0.022766113281111045,0.014404296874912082,0.014892578124909102,0.011657714843678847,0.01184082031242773,0.012939453124921023,0.014038085937414319,0.017456054687393457,0.023742675781105085,0.05450439453091733,0.4355468749973416,0.185546875,0.05078125,0.083984375,0.2041015625,0.2685546875,0.00390625,0.046875,0.251953125,0.22265625,0.060546875,0.0576171875,0.1083984375,0.2421875,0.0654296875,0.0576171875,0.2275390625,0
0.052185058593431484,0.02563476562484354,0.017456054687393457,0.013671874999916553,0.011230468749931454,0.010437011718686297,0.009277343749943375,0.01251220703117363,0.01208496093742624,0.017700195312391965,0.0222167968748644,0.03424072265604101,0.045593261718471716,0.036315917968528344,0.02215576171861477,0.021179199218620732,0.011413574218680337,0.012145996093675867,0.010437011718686297,0.01202392578117661,0.011047363281182571,0.012939453124921023,0.015747070312403886,0.029052734374822677,0.07604980468703583,0.4452514648410324,0.1904296875,0.1025390625,0.107421875,0.263671875,0.2607421875,0.0009765625,0.0537109375,0.244140625,0.236328125,0.013671875,0.0,0.0986328125,0.162109375,0.0556640625,0.04296875,0.1708984375,0
0.04187011718724444,0.021850585937366634,0.016479492187399417,0.01159667968742922,0.012145996093675867,0.008666992187447101,0.009094238281194492,0.01159667968742922,0.01470947265616022,0.016540527343649043,0.021850585937366634,0.03967285156225785,0.06622314453084581,0.047119140624712404,0.026611328124837578,0.018249511718638613,0.01446533203116171,0.01348876953116767,0.011230468749931454,0.01135253906243071,0.01226806640617512,0.012451171874924003,0.015258789062406868,0.018920898437384516,0.16259765624900757,0.3436889648416523,0.1640625,0.125,0.2158203125,0.146484375,0.197265625,0.0244140625,0.03515625,0.21875,0.244140625,0.078125,0.0244140625,0.0693359375,0.1220703125,0.1025390625,0.064453125,0.09375,0
0.042114257812242956,0.019165039062383024,0.015869140624903143,0.012939453124921023,0.011169433593681827,0.010925292968683317,0.009155273437444121,0.0111083984374322,0.01446533203116171,0.01568603515615426,0.02172851562486738,0.038024902343517915,0.058654785155891995,0.050109863280944154,0.02697753906233534,0.019165039062383024,0.015075683593657985,0.011962890624926984,0.012451171874924003,0.011657714843678847,0.012451171874924003,0.013610839843666926,0.015747070312403886,0.01904296874988377,0.1606445312490195,0.35009765624786315,0.083984375,0.166015625,0.1171875,0.13671875,0.2548828125,0.0390625,0.0537109375,0.212890625,0.1826171875,0.0419921875,0.0283203125,0.1826171875,0.1064453125,0.0615234375,0.072265625,0.060546875,0
0.036193847656029086,0.02703857421858497,0.015258789062406868,0.006347656249961257,0.007141113281206414,0.007019042968707159,0.00628662109371163,0.0066528320312093945,0.009582519531191512,0.011657714843678847,0.016723632812397925,0.026794433593586457,0.041809082030994815,0.034912109374786914,0.022277832031114025,0.018432617187387496,0.01257324218742326,0.013916015624915063,0.008361816406198963,0.009399414062442631,0.009216308593693748,0.012939453124921023,0.016845703124897183,0.016479492187399417,0.27227783202958816,0.33386230468546224,0.025390625,0.03125,0.03125,0.03125,0.05859375,0.025390625,0.0341796875,0.087890625,0.0791015625,0.056640625,0.181640625,0.123046875,0.1142578125,0.1015625,0.1689453125,0.0712890625,0
0.041137695312248916,0.029785156249818204,0.017822265624891222,0.00964355468744114,0.009704589843690768,0.009521484374941885,0.008300781249949336,0.01086425781243369,0.012451171874924003,0.01757812499989271,0.02502441406234726,0.04077148437475115,0.06249999999961853,0.05535888671841211,0.03259277343730107,0.02215576171861477,0.015441894531155749,0.014404296874912082,0.01037597656243667,0.009521484374941885,0.011047363281182571,0.013122558593669906,0.01446533203116171,0.023437499999856948,0.04986572265594564,0.4331054687473565,0.03125,0.03125,0.03125,0.025390625,0.0322265625,0.0,0.0068359375,0.0595703125,0.091796875,0.18359375,0.0478515625,0.080078125,0.076171875,0.1171875,0.0625,0.095703125,0
0.041137695312248916,0.029785156249818204,0.017822265624891222,0.00964355468744114,0.009704589843690768,0.009521484374941885,0.008300781249949336,0.01086425781243369,0.012451171874924003,0.01757812499989271,0.02502441406234726,0.04077148437475115,0.06249999999961853,0.05535888671841211,0.03259277343730107,0.02215576171861477,0.015441894531155749,0.014404296874912082,0.01037597656243667,0.009521484374941885,0.011047363281182571,0.013122558593669906,0.01446533203116171,0.023437499999856948,0.04986572265594564,0.4331054687473565,0.095703125,0.0625,0.1181640625,0.078125,0.080078125,0.0478515625,0.1826171875,0.0908203125,0.0595703125,0.0068359375,0.0,0.0322265625,0.025390625,0.03125,0.03125,0.03125,0
0.03924560546851046,0.02722167968733385,0.016052246093652023,0.01208496093742624,0.009460449218692258,0.008850097656195982,0.009094238281194492,0.01135253906243071,0.012207031249925494,0.01708984374989569,0.024475097656100616,0.04327392578098588,0.06213378906212076,0.05297851562467664,0.031982421874804795,0.022521972656112537,0.015808105468653515,0.0142211914061632,0.010925292968683317,0.008911132812445611,0.01086425781243369,0.013916015624915063,0.015136718749907612,0.023437499999856948,0.048522949218453834,0.4382324218723252,0.025390625,0.03125,0.03125,0.03125,0.0634765625,0.0087890625,0.0,0.107421875,0.080078125,0.052734375,0.1904296875,0.181640625,0.095703125,0.0625,0.1328125,0.1025390625,0
0.041809082030994815,0.03216552734355368,0.01928710937488228,0.01086425781243369,0.009704589843690768,0.007629394531203434,0.008056640624950826,0.010009765624938905,0.01257324218742326,0.017272949218644574,0.0222167968748644,0.035034179687286164,0.05114746093718782,0.04388427734348215,0.0260009765623413,0.020690917968623712,0.01446533203116171,0.014343261718662455,0.010070800781188532,0.01013183593743816,0.009094238281194492,0.01275634765617214,0.015136718749907612,0.02966308593731895,0.06903076171832867,0.44696044921602196,0.025390625,0.03125,0.03125,0.03125,0.033203125,0.0,0.0,0.0322265625,0.080078125,0.041015625,0.16015625,0.060546875,0.0732421875,0.041015625,0.0908203125,0.0537109375,0
0.04095458984350003,0.023010253906109557,0.01232910156242475,0.01037597656243667,0.009277343749943375,0.008605957031197473,0.007568359374953806,0.010803222656184061,0.014038085937414319,0.01715087890614532,0.02746582031233236,0.04193115234349407,0.05554199218716099,0.05285644531217739,0.02966308593731895,0.023498535156106577,0.014831542968659475,0.011718749999928474,0.010498046874935925,0.010559082031185552,0.010681152343684807,0.012451171874924003,0.01251220703117363,0.016296386718650534,0.15612792968654707,0.35925292968530725,0.068359375,0.046875,0.0732421875,0.0537109375,0.0478515625,0.0,0.0,0.0849609375,0.08984375,0.0009765625,0.234375,0.166015625,0.08203125,0.056640625,0.1015625,0.078125,0
0.04003906249975562,0.02514648437484652,0.014526367187411338,0.010070800781188532,0.007263183593705669,0.009094238281194492,0.007690429687453061,0.01013183593743816,0.013793945312415809,0.018249511718638613,0.026794433593586457,0.04156494140599631,0.06347656249961257,0.046569824218465755,0.03259277343730107,0.020629882812374083,0.01495361328115873,0.01226806640617512,0.010803222656184061,0.009704589843690768,0.01208496093742624,0.01226806640617512,0.013793945312415809,0.01849365234363712,0.15557861328030043,0.352416992185349,0.03125,0.052734375,0.046875,0.0751953125,0.0927734375,0.0087890625,0.0,0.03125,0.07421875,0.0986328125,0.1513671875,0.1015625,0.068359375,0.1201171875,0.087890625,0.0673828125,0
0.04772949218720868,0.030395507812314478,0.009094238281194492,0.00604248046871312,0.004333496093723551,0.005737304687464982,0.006774902343708649,0.007568359374953806,0.009582519531191512,0.012390136718674376,0.015136718749907612,0.02648925781233832,0.04095458984350003,0.03656005859352685,0.02551269531234428,0.026184082031090183,0.015747070312403886,0.017211914062394945,0.013549804687417299,0.01208496093742624,0.01275634765617214,0.015380859374906122,0.023254394531108065,0.030700683593562615,0.17681884765517078,0.3720092773414794,0.17578125,0.1005859375,0.13671875,0.2080078125,0.26953125,0.0,0.0,0.1201171875,0.1806640625,0.0,0.0,0.1875,0.1796875,0.0751953125,0.08984375,0.21484375,0
0.053466796874673664,0.032531738281051444,0.01208496093742624,0.009094238281194492,0.007568359374953806,0.01037597656243667,0.009155273437444121,0.011535644531179591,0.015075683593657985,0.019165039062383024,0.025329589843595398,0.036193847656029086,0.055297851562162485,0.04522705078097396,0.03009033203106634,0.02557373046859391,0.017456054687393457,0.0142211914061632,0.01373291015616618,0.010314941406187042,0.010253906249937415,0.010559082031185552,0.016479492187399417,0.026611328124837578,0.04638671874971688,0.4362182617160875,0.22265625,0.1689453125,0.109375,0.19921875,0.1240234375,0.0,0.0,0.2705078125,0.1767578125,0.0,0.0,0.1787109375,0.1923828125,0.083984375,0.0732421875,0.177734375,0
0.053466796874673664,0.032531738281051444,0.01208496093742624,0.009094238281194492,0.007568359374953806,0.01037597656243667,0.009155273437444121,0.011535644531179591,0.015075683593657985,0.019165039062383024,0.025329589843595398,0.03613281249977946,0.05535888671841211,0.04522705078097396,0.03009033203106634,0.02557373046859391,0.017456054687393457,0.0142211914061632,0.01373291015616618,0.010314941406187042,0.010253906249937415,0.010559082031185552,0.016479492187399417,0.026611328124837578,0.04638671874971688,0.4362182617160875,0.18359375,0.0791015625,0.083984375,0.1923828125,0.177734375,0.0,0.0,0.166015625,0.263671875,0.0,0.0,0.1240234375,0.1982421875,0.1044921875,0.1669921875,0.22265625,0
0.061340332030875605,0.0382080078122668,0.011962890624926984,0.008422851562448591,0.008056640624950826,0.00988769531243965,0.009460449218692258,0.012390136718674376,0.014770507812409848,0.017700195312391965,0.026794433593586457,0.03692626953102462,0.055847167968409134,0.04425048828097992,0.030944824218561127,0.0284423828123264,0.016967773437396437,0.014038085937414319,0.013305664062418789,0.010253906249937415,0.009765624999940395,0.010498046874935925,0.015624999999904632,0.026428222656088695,0.044494628905978426,0.42321777343491684,0.1787109375,0.0830078125,0.1689453125,0.146484375,0.2783203125,0.0,0.0,0.0927734375,0.2197265625,0.0,0.0,0.1787109375,0.2607421875,0.09375,0.08984375,0.197265625,0
0.052490234374679624,0.03247070312480181,0.011169433593681827,0.007995605468701199,0.0066528320312093945,0.008117675781200453,0.007934570312451572,0.009399414062442631,0.01281738281242177,0.013854980468665436,0.01593017578115277,0.02752685546858199,0.04058837890600227,0.031677246093556655,0.02099609374987185,0.022094726562365143,0.01373291015616618,0.01232910156242475,0.0111083984374322,0.01348876953116767,0.010559082031185552,0.012634277343672886,0.020690917968623712,0.029479980468570068,0.0888671874994576,0.46539306640340944,0.1484375,0.0703125,0.1005859375,0.1494140625,0.2431640625,0.0,0.0,0.0771484375,0.1552734375,0.0,0.0,0.1025390625,0.12890625,0.0458984375,0.078125,0.107421875,0
0.03961181640600823,0.025451660156094656,0.010437011718686297,0.008117675781200453,0.008300781249949336,0.008911132812445611,0.007934570312451572,0.01202392578117661,0.013427734374918043,0.017761230468641594,0.023986816406103596,0.04174804687474519,0.054565429687166954,0.048400878905954584,0.03106689453106038,0.024475097656100616,0.016357421874900163,0.01324462890616916,0.009338378906193002,0.008544921874947846,0.008666992187447101,0.00988769531243965,0.013549804687417299,0.020874023437372595,0.15740966796778924,0.3659057617165167,0.111328125,0.125,0.1416015625,0.080078125,0.2001953125,0.0,0.0048828125,0.1630859375,0.150390625,0.0185546875,0.0,0.115234375,0.087890625,0.134765625,0.0810546875,0.13671875,0
0.03930664062476009,0.02337646484360732,0.012207031249925494,0.010742187499934434,0.007995605468701199,0.009460449218692258,0.011230468749931454,0.011413574218680337,0.015869140624903143,0.018798828124885262,0.024230957031102104,0.03692626953102462,0.05017089843719378,0.04339599609348513,0.02770996093733087,0.023498535156106577,0.017272949218644574,0.01397705078116469,0.013183593749919533,0.009338378906193002,0.010925292968683317,0.011169433593681827,0.015502929687405378,0.018737792968635633,0.15881347656153066,0.3647460937477737,0.0908203125,0.169921875,0.140625,0.134765625,0.240234375,0.04296875,0.0,0.0830078125,0.1484375,0.0,0.009765625,0.1689453125,0.1201171875,0.099609375,0.1298828125,0.111328125,0
0.037719726562269774,0.024475097656100616,0.015197753906157239,0.009399414062442631,0.009094238281194492,0.007141113281206414,0.006225585937462002,0.007446289062454551,0.007995605468701199,0.011169433593681827,0.01184082031242773,0.025756835937342792,0.04992675781219527,0.036621093749776484,0.0111083984374322,0.01373291015616618,0.007568359374953806,0.009277343749943375,0.006469726562460512,0.006164550781212375,0.006835937499958276,0.009582519531191512,0.017028808593646062,0.01611328124990165,0.29882812499817607,0.33728027343544137,0.3349609375,0.1767578125,0.1845703125,0.267578125,0.294921875,0.03125,0.0,0.271484375,0.24609375,0.0078125,0.0380859375,0.18359375,0.291015625,0.0810546875,0.10546875,0.1806640625,0
0.05102539062468856,0.03344726562479585,0.020568847656124458,0.01232910156242475,0.011047363281182571,0.008422851562448591,0.008483886718698219,0.008178710937450082,0.010437011718686297,0.014343261718662455,0.0166625976561483,0.032409667968552186,0.05780029296839721,0.03796386718726828,0.015441894531155749,0.014099121093663946,0.008789062499946355,0.007629394531203434,0.007202148437456041,0.007812499999952316,0.007080078124956786,0.011230468749931454,0.018920898437384516,0.03063964843731299,0.054565429687166954,0.4934692382782381,0.2724609375,0.1845703125,0.17578125,0.3388671875,0.2734375,0.0,0.03125,0.302734375,0.1748046875,0.0,0.0078125,0.2412109375,0.1806640625,0.083984375,0.08203125,0.30078125,0
0.05102539062468856,0.03344726562479585,0.020568847656124458,0.01232910156242475,0.011047363281182571,0.008422851562448591,0.008483886718698219,0.008178710937450082,0.010437011718686297,0.014343261718662455,0.0166625976561483,0.032409667968552186,0.05780029296839721,0.03796386718726828,0.015441894531155749,0.014099121093663946,0.008789062499946355,0.007629394531203434,0.007202148437456041,0.007812499999952316,0.007080078124956786,0.011230468749931454,0.018920898437384516,0.03063964843731299,0.054565429687166954,0.4934692382782381,0.3017578125,0.08203125,0.083984375,0.1826171875,0.2412109375,0.0078125,0.0,0.1728515625,0.296875,0.03125,0.0,0.2763671875,0.3359375,0.1748046875,0.18359375,0.2724609375,0
0.04492187499972582,0.027587890624831617,0.018249511718638613,0.013061523437420279,0.010070800781188532,0.0067138671874590215,0.005493164062466472,0.007446289062454551,0.008483886718698219,0.010925292968683317,0.01373291015616618,0.023803710937354713,0.04357910156223401,0.03796386718726828,0.01446533203116171,0.025207519531096144,0.010009765624938905,0.01806640624988973,0.007568359374953806,0.008300781249949336,0.009460449218692258,0.011718749999928474,0.021362304687369615,0.030212402343565595,0.08020019531201049,0.49139404296575073,0.2509765625,0.1806640625,0.18359375,0.232421875,0.28515625,0.03125,0.0,0.21875,0.2646484375,0.0107421875,0.0,0.1787109375,0.3095703125,0.0888671875,0.0859375,0.1884765625,0
0.05718994140590094,0.03570556640603207,0.020690917968623712,0.01226806640617512,0.010009765624938905,0.008056640624950826,0.007690429687453061,0.008850097656195982,0.009460449218692258,0.012939453124921023,0.014282226562412828,0.025817871093592418,0.047546386718459795,0.03302001953104846,0.012939453124921023,0.011901855468677357,0.008972167968695238,0.006835937499958276,0.007080078124956786,0.008850097656195982,0.006896972656207904,0.01226806640617512,0.02197265624986589,0.038024902343517915,0.0637817382808607,0.49694824218446687,0.2734375,0.177734375,0.1845703125,0.240234375,0.27734375,0.03125,0.0,0.2529296875,0.2392578125,0.0068359375,0.0,0.123046875,0.248046875,0.08203125,0.080078125,0.169921875,0
0.04705810546846278,0.02606201171859093,0.017395019531143828,0.01232910156242475,0.01013183593743816,0.008544921874947846,0.006347656249961257,0.007873535156201943,0.011657714843678847,0.01373291015616618,0.018920898437384516,0.03790283203101866,0.05908203124963939,0.03448486328103952,0.01611328124990165,0.01226806640617512,0.009521484374941885,0.007141113281206414,0.006225585937462002,0.007324218749955296,0.006896972656207904,0.009399414062442631,0.017028808593646062,0.026794433593586457,0.15173339843657388,0.41802978515369854,0.2041015625,0.1884765625,0.1416015625,0.1650390625,0.255859375,0.0,0.0009765625,0.2138671875,0.26953125,0.0498046875,0.0,0.103515625,0.1748046875,0.1796875,0.0859375,0.107421875,0
0.04632568359346725,0.02960205078106932,0.01861572265613638,0.010925292968683317,0.008850097656195982,0.009704589843690768,0.008117675781200453,0.008117675781200453,0.013305664062418789,0.012390136718674376,0.018859863281134887,0.03698730468727424,0.05645751953090541,0.033386230468546226,0.019165039062383024,0.010925292968683317,0.009216308593693748,0.0066528320312093945,0.006774902343708649,0.006896972656207904,0.007263183593705669,0.009094238281194492,0.01568603515615426,0.0284423828123264,0.15191650390532277,0.416320800778709,0.158203125,0.2177734375,0.185546875,0.1982421875,0.259765625,0.068359375,0.0,0.1552734375,0.197265625,0.0,0.0,0.1748046875,0.142578125,0.0927734375,0.0791015625,0.13671875,0
0.023559570312356202,0.015136718749907612,0.015624999999904632,0.01086425781243369,0.008911132812445611,0.007629394531203434,0.008666992187447101,0.008056640624950826,0.013366699218668416,0.015563964843655005,0.02368164062485546,0.04425048828097992,0.0764160156245336,0.05535888671841211,0.029846191406067833,0.02264404296861179,0.015502929687405378,0.016052246093652023,0.010498046874935925,0.008483886718698219,0.01086425781243369,0.010253906249937415,0.012634277343672886,0.015014648437408358,0.3097534179668594,0.21136474609245992,0.1298828125,0.1689453125,0.173828125,0.1357421875,0.0673828125,0.0,0.0,0.078125,0.0625,0.0,0.0,0.0625,0.1025390625,0.1279296875,0.107421875,0.140625,0
0.02722167968733385,0.017883300781140848,0.018676757812386004,0.011047363281182571,0.01184082031242773,0.010192871093687788,0.010803222656184061,0.01208496093742624,0.01904296874988377,0.023254394531108065,0.03326416015604697,0.06457519531210586,0.10052490234313644,0.07263183593705669,0.0419921874997437,0.03454589843728915,0.022827148437360674,0.022338867187363654,0.014892578124909102,0.013366699218668416,0.014160156249913573,0.013854980468665436,0.014770507812409848,0.014343261718662455,0.06323242187461406,0.2966308593731895,0.1376953125,0.1787109375,0.16796875,0.1298828125,0.0791015625,0.0,0.0,0.06640625,0.0625,0.0,0.0,0.0625,0.1435546875,0.1064453125,0.1123046875,0.09375,0
0.02722167968733385,0.017883300781140848,0.018676757812386004,0.011047363281182571,0.01184082031242773,0.010192871093687788,0.010803222656184061,0.01208496093742624,0.01904296874988377,0.023254394531108065,0.03326416015604697,0.06457519531210586,0.10052490234313644,0.07263183593705669,0.0419921874997437,0.03454589843728915,0.022827148437360674,0.022338867187363654,0.014892578124909102,0.013366699218668416,0.014160156249913573,0.013854980468665436,0.014770507812409848,0.014343261718662455,0.06323242187461406,0.2966308593731895,0.1025390625,0.125,0.1064453125,0.1435546875,0.0625,0.0,0.0,0.0625,0.06640625,0.0,0.0,0.0791015625,0.130859375,0.1689453125,0.1787109375,0.1376953125,0
0.02362060546860583,0.016540527343649043,0.016235351562400906,0.009704589843690768,0.009948730468689278,0.008789062499946355,0.010681152343684807,0.012695312499922513,0.01812744140613936,0.023559570312356202,0.03326416015604697,0.06146240234337486,0.08728027343696727,0.07855224609327055,0.04663085937471539,0.04034423828100376,0.025390624999845027,0.027648925781081243,0.016296386718650534,0.01470947265616022,0.013122558593669906,0.015014648437408358,0.016906738281146808,0.015258789062406868,0.07537841796828992,0.2828369140607737,0.1259765625,0.12890625,0.1142578125,0.0908203125,0.0751953125,0.0,0.0,0.0791015625,0.0625,0.0,0.0,0.0625,0.0986328125,0.1259765625,0.1455078125,0.150390625,0
0.030700683593562615,0.020202636718626692,0.019897460937378555,0.011779785156178101,0.012634277343672886,0.010681152343684807,0.011230468749931454,0.013183593749919533,0.01904296874988377,0.024291992187351733,0.03411865234354176,0.06158447265587411,0.08496093749948144,0.07086181640581748,0.03973388671850748,0.030395507812314478,0.02093505859362222,0.01947021484363116,0.01470947265616022,0.011291503906181081,0.010742187499934434,0.01324462890616916,0.015563964843655005,0.01849365234363712,0.09417724609317518,0.28607177734200395,0.12890625,0.1630859375,0.166015625,0.1181640625,0.056640625,0.0,0.0,0.06640625,0.03125,0.0,0.0,0.03125,0.076171875,0.04296875,0.033203125,0.119140625,0
0.024475097656100616,0.015624999999904632,0.014526367187411338,0.011962890624926984,0.011535644531179591,0.01062011718743518,0.009765624999940395,0.010803222656184061,0.013916015624915063,0.022521972656112537,0.03192138671855516,0.06311035156211481,0.07580566406203731,0.06317138671836443,0.03637695312477797,0.026855468749836086,0.020629882812374083,0.019226074218632653,0.01324462890616916,0.011047363281182571,0.01373291015616618,0.012451171874924003,0.014404296874912082,0.013854980468665436,0.17291259765519462,0.26550292968587946,0.2109375,0.1962890625,0.1328125,0.0380859375,0.078125,0.0,0.0078125,0.1201171875,0.076171875,0.013671875,0.0,0.08984375,0.0322265625,0.1318359375,0.095703125,0.0927734375,0
0.025329589843595398,0.015319824218656495,0.015014648437408358,0.011413574218680337,0.008911132812445611,0.010314941406187042,0.008300781249949336,0.011718749999928474,0.015624999999904632,0.019348144531131907,0.03106689453106038,0.06201171874962151,0.0826416015619956,0.06726074218708947,0.03924560546851046,0.026611328124837578,0.02166748046861775,0.019226074218632653,0.012939453124921023,0.013305664062418789,0.013427734374918043,0.013793945312415809,0.013061523437420279,0.014831542968659475,0.16876220703021996,0.2588500976546701,0.03125,0.14453125,0.2080078125,0.1728515625,0.087890625,0.0419921875,0.0,0.0908203125,0.0908203125,0.0,0.0,0.091796875,0.1357421875,0.0810546875,0.123046875,0.0673828125,0
0.04565429687472135,0.0328979492185492,0.011474609374929964,0.008850097656195982,0.006225585937462002,0.0048828124999701975,0.004211425781224296,0.005615234374965727,0.007263183593705669,0.007690429687453061,0.010070800781188532,0.01641845703114979,0.032531738281051444,0.022583007812362162,0.009033203124944865,0.01397705078116469,0.007934570312451572,0.008666992187447101,0.008789062499946355,0.009521484374941885,0.006774902343708649,0.012145996093675867,0.015319824218656495,0.02099609374987185,0.23187255859233474,0.438598632809823,0.1884765625,0.0986328125,0.115234375,0.2978515625,0.267578125,0.044921875,0.099609375,0.2802734375,0.2373046875,0.0068359375,0.013671875,0.2587890625,0.2880859375,0.2041015625,0.1962890625,0.2568359375,0
0.047851562499707935,0.03314208984354772,0.01373291015616618,0.008361816406198963,0.007385253906204924,0.007385253906204924,0.006347656249961257,0.007873535156201943,0.009155273437444121,0.012878417968671396,0.016906738281146808,0.025939941406091675,0.04595947265596948,0.03442382812478989,0.018432617187387496,0.02124023437487036,0.012207031249925494,0.01251220703117363,0.0111083984374322,0.010314941406187042,0.009704589843690768,0.012695312499922513,0.017028808593646062,0.03216552734355368,0.050231933593443405,0.5150146484343566,0.29296875,0.0859375,0.0859375,0.1875,0.2841796875,0.0224609375,0.0,0.263671875,0.265625,0.0,0.0,0.21484375,0.2470703125,0.1923828125,0.1962890625,0.27734375,0
0.047851562499707935,0.03314208984354772,0.01373291015616618,0.008361816406198963,0.007385253906204924,0.007385253906204924,0.006347656249961257,0.007873535156201943,0.009155273437444121,0.012878417968671396,0.016906738281146808,0.025939941406091675,0.04595947265596948,0.03442382812478989,0.018432617187387496,0.02124023437487036,0.012207031249925494,0.01251220703117363,0.0111083984374322,0.010314941406187042,0.009704589843690768,0.012695312499922513,0.017028808593646062,0.03216552734355368,0.050231933593443405,0.5150146484343566,0.27734375,0.1982421875,0.1923828125,0.24609375,0.2197265625,0.0,0.0,0.267578125,0.2626953125,0.0,0.0234375,0.2890625,0.1982421875,0.087890625,0.0859375,0.2880859375,0
0.054199218749669195,0.0333251953122966,0.013610839843666926,0.008300781249949336,0.007995605468701199,0.006958007812457531,0.006408691406210885,0.008056640624950826,0.009826660156190022,0.012939453124921023,0.020141601562377064,0.024719238281099124,0.04669189453096501,0.03521728515603505,0.016723632812397925,0.0197753906248793,0.011962890624926984,0.012207031249925494,0.009399414062442631,0.008605957031197473,0.007507324218704179,0.010681152343684807,0.014587402343660965,0.03106689453106038,0.044494628905978426,0.5245971679655481,0.2666015625,0.1162109375,0.1337890625,0.2939453125,0.2900390625,0.0,0.0224609375,0.3134765625,0.26171875,0.0,0.0,0.2646484375,0.3056640625,0.2109375,0.2001953125,0.2763671875,0
0.051208496093437444,0.0377807617185194,0.014831542968659475,0.008789062499946355,0.007812499999952316,0.005615234374965727,0.006408691406210885,0.007690429687453061,0.008239746093699709,0.012145996093675867,0.015014648437408358,0.023437499999856948,0.035644531249782445,0.03234863281230256,0.016723632812397925,0.018859863281134887,0.01086425781243369,0.010986328124932944,0.00964355468744114,0.008544921874947846,0.007873535156201943,0.013122558593669906,0.02142333984361924,0.03686523437477499,0.0984497070306491,0.4796752929658223,0.12109375,0.052734375,0.0859375,0.2412109375,0.1943359375,0.0,0.0185546875,0.1669921875,0.13671875,0.0,0.0,0.1552734375,0.1708984375,0.158203125,0.130859375,0.1513671875,0
0.042114257812242956,0.022827148437360674,0.012695312499922513,0.009033203124944865,0.008239746093699709,0.007385253906204924,0.008911132812445611,0.008178710937450082,0.010681152343684807,0.011779785156178101,0.018310546874888242,0.026672363281087203,0.05041503906219229,0.03234863281230256,0.021850585937366634,0.017822265624891222,0.01470947265616022,0.01086425781243369,0.009155273437444121,0.01037597656243667,0.013305664062418789,0.011474609374929964,0.01660156249989867,0.024475097656100616,0.1593017578115277,0.4204711914036836,0.09765625,0.0791015625,0.19140625,0.1142578125,0.1640625,0.0,0.0654296875,0.2255859375,0.1865234375,0.00390625,0.0,0.201171875,0.140625,0.18359375,0.21875,0.2255859375,0
0.04058837890600227,0.024841308593598378,0.013305664062418789,0.008972167968695238,0.008239746093699709,0.007690429687453061,0.007202148437456041,0.007507324218704179,0.008911132812445611,0.011779785156178101,0.016784667968647554,0.026916503906085715,0.053894042968421055,0.03204345703105442,0.02239990234361328,0.013671874999916553,0.013122558593669906,0.0111083984374322,0.009155273437444121,0.01062011718743518,0.01324462890616916,0.011718749999928474,0.0142211914061632,0.02416992187485248,0.157775878905287,0.43011474609112477,0.1376953125,0.1171875,0.095703125,0.1982421875,0.259765625,0.0087890625,0.0,0.2099609375,0.169921875,0.0,0.033203125,0.24609375,0.232421875,0.2138671875,0.16796875,0.11328125,0
0.03692626953102462,0.02435302734360136,0.012695312499922513,0.008178710937450082,0.008239746093699709,0.007446289062454551,0.005981445312463492,0.006774902343708649,0.00988769531243965,0.011718749999928474,0.017456054687393457,0.03857421874976456,0.07568359374953806,0.0599975585933838,0.02770996093733087,0.029113769531072302,0.016052246093652023,0.01812744140613936,0.009460449218692258,0.008483886718698219,0.008789062499946355,0.015563964843655005,0.020812988281122966,0.02362060546860583,0.14227294921788164,0.3560791015603266,0.1708984375,0.0712890625,0.1162109375,0.25,0.166015625,0.0654296875,0.06640625,0.169921875,0.1220703125,0.0,0.0,0.099609375,0.21875,0.1376953125,0.1875,0.23828125,0
0.039123535156011205,0.02215576171861477,0.014892578124909102,0.009765624999940395,0.008850097656195982,0.009704589843690768,0.007629394531203434,0.010009765624938905,0.013549804687417299,0.017272949218644574,0.02648925781233832,0.05084228515593968,0.0984497070306491,0.06896972656207905,0.028137207031078262,0.026672363281087203,0.01611328124990165,0.015624999999904632,0.010742187499934434,0.009277343749943375,0.007446289062454551,0.01226806640617512,0.014587402343660965,0.026855468749836086,0.03936767578100972,0.3952026367163379,0.2421875,0.095703125,0.0830078125,0.166015625,0.1640625,0.0380859375,0.0322265625,0.1220703125,0.083984375,0.0,0.0,0.123046875,0.2412109375,0.1884765625,0.13671875,0.21875,0
0.039123535156011205,0.02215576171861477,0.014892578124909102,0.009765624999940395,0.008850097656195982,0.009704589843690768,0.007629394531203434,0.010009765624938905,0.013549804687417299,0.017272949218644574,0.02648925781233832,0.05084228515593968,0.0984497070306491,0.06896972656207905,0.028137207031078262,0.026672363281087203,0.01611328124990165,0.015624999999904632,0.010742187499934434,0.009277343749943375,0.007446289062454551,0.01226806640617512,0.014587402343660965,0.026855468749836086,0.03936767578100972,0.3952026367163379,0.2236328125,0.138671875,0.1884765625,0.2431640625,0.123046875,0.0,0.0,0.08984375,0.1220703125,0.0322265625,0.0380859375,0.1611328125,0.1669921875,0.0830078125,0.0947265625,0.2421875,0
0.02893066406232342,0.021301269531119986,0.01232910156242475,0.009216308593693748,0.008483886718698219,0.009460449218692258,0.006225585937462002,0.009826660156190022,0.013122558593669906,0.016296386718650534,0.024719238281099124,0.05187988281218335,0.09869384765564762,0.07055664062456936,0.028259277343577516,0.027832031249830125,0.015624999999904632,0.01855468749988675,0.009582519531191512,0.009460449218692258,0.008911132812445611,0.013610839843666926,0.01660156249989867,0.02508544921859689,0.04229736328099184,0.4031372070287894,0.1142578125,0.044921875,0.0673828125,0.0693359375,0.123046875,0.03125,0.072265625,0.10546875,0.1328125,0.0,0.0,0.0693359375,0.236328125,0.1611328125,0.1669921875,0.1181640625,0
0.03808593749976754,0.0246582031248495,0.013427734374918043,0.009826660156190022,0.01062011718743518,0.010742187499934434,0.009338378906193002,0.010742187499934434,0.011779785156178101,0.01495361328115873,0.021179199218620732,0.04412841796848066,0.07562255859328844,0.05328369140592478,0.023803710937354713,0.024475097656100616,0.013549804687417299,0.015808105468653515,0.008789062499946355,0.008972167968695238,0.008178710937450082,0.01184082031242773,0.017883300781140848,0.02752685546858199,0.0626831054683674,0.42810058593488703,0.1201171875,0.048828125,0.0673828125,0.0712890625,0.064453125,0.0283203125,0.0390625,0.0986328125,0.0810546875,0.0,0.0,0.03125,0.0927734375,0.08984375,0.1767578125,0.1650390625,0
0.03106689453106038,0.015380859374906122,0.010559082031185552,0.01159667968742922,0.010681152343684807,0.00964355468744114,0.010681152343684807,0.009826660156190022,0.013854980468665436,0.021179199218620732,0.025939941406091675,0.052917480468427015,0.09478759765567146,0.05920410156213864,0.0333251953122966,0.02099609374987185,0.01763916015614234,0.010925292968683317,0.009582519531191512,0.008544921874947846,0.007446289062454551,0.008422851562448591,0.011474609374929964,0.017822265624891222,0.1760253906239256,0.300476074216916,0.0908203125,0.109375,0.1318359375,0.0634765625,0.0361328125,0.0498046875,0.0390625,0.1474609375,0.193359375,0.0,0.0,0.0712890625,0.0966796875,0.1923828125,0.146484375,0.1962890625,0
0.03161621093730703,0.015014648437408358,0.011535644531179591,0.010498046874935925,0.008911132812445611,0.01135253906243071,0.009521484374941885,0.010681152343684807,0.01232910156242475,0.016723632812397925,0.025329589843595398,0.05212402343718186,0.09881591796814687,0.05383300781217143,0.026855468749836086,0.02166748046861775,0.014831542968659475,0.01226806640617512,0.009399414062442631,0.009582519531191512,0.009216308593693748,0.01037597656243667,0.01251220703117363,0.01812744140613936,0.17626953124892414,0.3106079101543542,0.0927734375,0.076171875,0.0693359375,0.173828125,0.1796875,0.0390625,0.0634765625,0.1337890625,0.0556640625,0.0,0.0068359375,0.1357421875,0.1513671875,0.1806640625,0.1826171875,0.0791015625,0
0.0408935546872504,0.027770996093580497,0.013916015624915063,0.009155273437444121,0.006958007812457531,0.007812499999952316,0.006835937499958276,0.008422851562448591,0.008666992187447101,0.01062011718743518,0.013916015624915063,0.026428222656088695,0.03723144531227276,0.032104492187304046,0.015991210937402398,0.01397705078116469,0.009582519531191512,0.011047363281182571,0.006896972656207904,0.008056640624950826,0.007568359374953806,0.009948730468689278,0.015380859374906122,0.021850585937366634,0.262634277342147,0.36633300781026407,0.05078125,0.064453125,0.1064453125,0.0,0.060546875,0.0087890625,0.046875,0.0322265625,0.0537109375,0.1640625,0.01953125,0.05859375,0.0322265625,0.064453125,0.0771484375,0.0107421875,0
0.04229736328099184,0.02795410156232938,0.01470947265616022,0.009277343749943375,0.007690429687453061,0.010070800781188532,0.009521484374941885,0.010986328124932944,0.013183593749919533,0.01715087890614532,0.025207519531096144,0.035766601562281695,0.05828857421839423,0.04937744140594862,0.02752685546858199,0.025390624999845027,0.01708984374989569,0.019348144531131907,0.010070800781188532,0.011169433593681827,0.013549804687417299,0.01568603515615426,0.017272949218644574,0.024230957031102104,0.05816650390589498,0.4290161132786315,0.0,0.10546875,0.064453125,0.05078125,0.0322265625,0.046875,0.0087890625,0.060546875,0.05859375,0.01953125,0.181640625,0.0537109375,0.0107421875,0.0771484375,0.064453125,0.0322265625,0
0.04229736328099184,0.02795410156232938,0.01470947265616022,0.009277343749943375,0.007690429687453061,0.010070800781188532,0.009521484374941885,0.010986328124932944,0.013183593749919533,0.01715087890614532,0.025207519531096144,0.035766601562281695,0.05828857421839423,0.04937744140594862,0.02752685546858199,0.025390624999845027,0.01708984374989569,0.019348144531131907,0.010070800781188532,0.011169433593681827,0.013549804687417299,0.01568603515615426,0.017272949218644574,0.024230957031102104,0.05816650390589498,0.4290161132786315,0.0322265625,0.064453125,0.0771484375,0.0107421875,0.0537109375,0.1826171875,0.01953125,0.05859375,0.060546875,0.0087890625,0.046875,0.0322265625,0.05078125,0.064453125,0.10546875,0.0,0
0.039123535156011205,0.023498535156106577,0.01226806640617512,0.008361816406198963,0.006347656249961257,0.009094238281194492,0.007995605468701199,0.00964355468744114,0.011230468749931454,0.014587402343660965,0.021850585937366634,0.037475585937271266,0.04937744140594862,0.05059814453094117,0.03192138671855516,0.02770996093733087,0.020812988281122966,0.02410888671860285,0.011413574218680337,0.01184082031242773,0.013183593749919533,0.018737792968635633,0.021118164062371103,0.025756835937342792,0.08172607421825118,0.4102172851537462,0.05078125,0.064453125,0.1064453125,0.0,0.060546875,0.009765625,0.046875,0.0322265625,0.0537109375,0.1767578125,0.01953125,0.05859375,0.03125,0.041015625,0.078125,0.0107421875,0
0.0451049804684747,0.028564453124825657,0.015380859374906122,0.009704589843690768,0.008422851562448591,0.01013183593743816,0.008728027343696728,0.011413574218680337,0.012939453124921023,0.016845703124897183,0.020568847656124458,0.03350830078104548,0.04498291015597544,0.04016113281225488,0.027893066406079754,0.022766113281111045,0.015624999999904632,0.015136718749907612,0.010437011718686297,0.010253906249937415,0.009399414062442631,0.014648437499910592,0.01953124999988079,0.02868652343732491,0.07714843749952913,0.4420166015598021,0.05078125,0.0625,0.103515625,0.0,0.0615234375,0.0068359375,0.0458984375,0.0322265625,0.0537109375,0.1494140625,0.0185546875,0.0576171875,0.0322265625,0.0634765625,0.078125,0.0107421875,0
0.03527832031228468,0.02166748046861775,0.013366699218668416,0.009399414062442631,0.008361816406198963,0.010437011718686297,0.008850097656195982,0.01135253906243071,0.014038085937414319,0.01953124999988079,0.022033691406115517,0.047302246093461287,0.05499267578091435,0.04919433593719974,0.031188964843559635,0.02337646484360732,0.015502929687405378,0.013366699218668416,0.009704589843690768,0.009765624999940395,0.011901855468677357,0.01397705078116469,0.015808105468653515,0.0197753906248793,0.14453124999911784,0.3652954101540204,0.0791015625,0.0927734375,0.0703125,0.033203125,0.046875,0.0,0.0322265625,0.0595703125,0.060546875,0.1728515625,0.0576171875,0.048828125,0.0576171875,0.064453125,0.0771484375,0.0546875,0
0.035034179687286164,0.02075195312487334,0.01208496093742624,0.009277343749943375,0.008422851562448591,0.010559082031185552,0.01062011718743518,0.011718749999928474,0.016906738281146808,0.016845703124897183,0.02386474609360434,0.04626464843721762,0.05792236328089647,0.051086425780938194,0.028991699218573048,0.02313232421860881,0.017822265624891222,0.015502929687405378,0.01013183593743816,0.009521484374941885,0.010559082031185552,0.012390136718674376,0.01611328124990165,0.021179199218620732,0.14318847656162603,0.36010742187280204,0.072265625,0.0380859375,0.115234375,0.0625,0.0732421875,0.0361328125,0.0361328125,0.03515625,0.0869140625,0.154296875,0.0,0.0791015625,0.0693359375,0.087890625,0.0673828125,0.0439453125,0
0.03979492187475711,0.019897460937378555,0.01568603515615426,0.01324462890616916,0.008544921874947846,0.009460449218692258,0.00964355468744114,0.009033203124944865,0.01251220703117363,0.016052246093652023,0.023803710937354713,0.03417968749979138,0.05902099609338976,0.03106689453106038,0.024475097656100616,0.018737792968635633,0.014404296874912082,0.013549804687417299,0.009399414062442631,0.010681152343684807,0.011535644531179591,0.01275634765617214,0.015319824218656495,0.02264404296861179,0.19744873046754485,0.3471069335916314,0.1005859375,0.0751953125,0.0556640625,0.0673828125,0.0947265625,0.0185546875,0.044921875,0.0771484375,0.1005859375,0.103515625,0.0,0.08203125,0.1787109375,0.05859375,0.0927734375,0.0703125,0
0.0433349609372355,0.02246093749986291,0.01855468749988675,0.013671874999916553,0.011230468749931454,0.012634277343672886,0.013122558593669906,0.013854980468665436,0.017822265624891222,0.023498535156106577,0.03350830078104548,0.04119873046849854,0.07458496093704477,0.04016113281225488,0.02752685546858199,0.023742675781105085,0.015624999999904632,0.015441894531155749,0.012878417968671396,0.011535644531179591,0.012451171874924003,0.013916015624915063,0.015258789062406868,0.023925781249853968,0.05371093749967217,0.3943481445288431,0.0673828125,0.0546875,0.07421875,0.08984375,0.080078125,0.0439453125,0.0166015625,0.095703125,0.0830078125,0.0,0.0966796875,0.1044921875,0.0712890625,0.09375,0.05859375,0.1787109375,0
0.0433349609372355,0.02246093749986291,0.01855468749988675,0.013671874999916553,0.011230468749931454,0.012634277343672886,0.013122558593669906,0.013854980468665436,0.017822265624891222,0.023498535156106577,0.03350830078104548,0.04119873046849854,0.07458496093704477,0.04016113281225488,0.02752685546858199,0.023742675781105085,0.015624999999904632,0.015441894531155749,0.012878417968671396,0.011535644531179591,0.012451171874924003,0.013916015624915063,0.015258789062406868,0.023925781249853968,0.05371093749967217,0.3943481445288431,0.177734375,0.05859375,0.09375,0.0712890625,0.1044921875,0.0966796875,0.0,0.0830078125,0.095703125,0.0166015625,0.0439453125,0.0771484375,0.08984375,0.07421875,0.0546875,0.0673828125,0
0.030944824218561127,0.020141601562377064,0.014831542968659475,0.013061523437420279,0.010437011718686297,0.012207031249925494,0.012695312499922513,0.013549804687417299,0.017822265624891222,0.02239990234361328,0.036743164062275735,0.04479980468722656,0.07373046874954998,0.04150390624974668,0.029785156249818204,0.025878906249842046,0.015380859374906122,0.016540527343649043,0.013610839843666926,0.011413574218680337,0.013366699218668416,0.01617431640615128,0.0191040039061334,0.022033691406115517,0.06933593749957681,0.38250732421641537,0.087890625,0.0751953125,0.0556640625,0.0634765625,0.0927734375,0.01953125,0.0439453125,0.0927734375,0.107421875,0.09765625,0.0,0.0830078125,0.185546875,0.0576171875,0.091796875,0.072265625,0
0.039978027343505994,0.02172851562486738,0.017517089843643082,0.012145996093675867,0.01208496093742624,0.010681152343684807,0.011962890624926984,0.01397705078116469,0.015502929687405378,0.023498535156106577,0.03302001953104846,0.04241943359349109,0.07366943359330036,0.04168701171849556,0.03259277343730107,0.022033691406115517,0.017700195312391965,0.01568603515615426,0.009582519531191512,0.01037597656243667,0.009277343749943375,0.011779785156178101,0.016235351562400906,0.021057128906121478,0.07446289062454552,0.3893432617163736,0.0947265625,0.0654296875,0.0556640625,0.0673828125,0.095703125,0.017578125,0.0439453125,0.0791015625,0.099609375,0.078125,0.0,0.0537109375,0.1630859375,0.0556640625,0.05859375,0.0458984375,0
0.036743164062275735,0.019897460937378555,0.015563964843655005,0.012878417968671396,0.00988769531243965,0.01086425781243369,0.011047363281182571,0.014343261718662455,0.017700195312391965,0.02368164062485546,0.03326416015604697,0.04345703124973476,0.0659790039058473,0.0444335937497288,0.02703857421858497,0.018432617187387496,0.01446533203116171,0.014404296874912082,0.01013183593743816,0.009582519531191512,0.010559082031185552,0.011657714843678847,0.01397705078116469,0.01904296874988377,0.14483642578036598,0.34613037109163736,0.0859375,0.0888671875,0.0380859375,0.0615234375,0.0869140625,0.0,0.03515625,0.0859375,0.0908203125,0.1220703125,0.005859375,0.087890625,0.1298828125,0.0771484375,0.0810546875,0.09765625,0
0.037597656249770524,0.021179199218620732,0.016235351562400906,0.01300048828117065,0.009582519531191512,0.010681152343684807,0.009765624999940395,0.01397705078116469,0.018737792968635633,0.02191162109361626,0.03015136718731597,0.04364013671848364,0.06427001953085773,0.04272460937473923,0.02752685546858199,0.01928710937488228,0.015197753906157239,0.013671874999916553,0.009582519531191512,0.010742187499934434,0.01037597656243667,0.01226806640617512,0.014160156249913573,0.019714355468629673,0.14569091796786077,0.348327636716624,0.130859375,0.0224609375,0.1025390625,0.056640625,0.10546875,0.0625,0.0546875,0.0625,0.095703125,0.0732421875,0.0,0.1044921875,0.1171875,0.0517578125,0.0771484375,0.1083984375,0
0.03918457031226084,0.024902343749848007,0.016052246093652023,0.01013183593743816,0.006469726562460512,0.005493164062466472,0.0046997070312213155,0.005004882812469452,0.006225585937462002,0.006469726562460512,0.007568359374953806,0.01617431640615128,0.05084228515593968,0.022583007812362162,0.010070800781188532,0.01037597656243667,0.005615234374965727,0.009460449218692258,0.004150390624974668,0.0048828124999701975,0.007080078124956786,0.011779785156178101,0.025695800781093164,0.0222167968748644,0.3228759765605293,0.3439941406229004,0.0390625,0.03515625,0.0380859375,0.0,0.0322265625,0.0,0.0546875,0.0185546875,0.017578125,0.017578125,0.0,0.0859375,0.0,0.0673828125,0.0341796875,0.033203125,0
0.042114257812242956,0.027160644531084223,0.01928710937488228,0.012634277343672886,0.008117675781200453,0.008911132812445611,0.006347656249961257,0.010742187499934434,0.012878417968671396,0.013549804687417299,0.015563964843655005,0.02697753906233534,0.0637817382808607,0.036743164062275735,0.019653320312380044,0.02148437499986887,0.014404296874912082,0.01641845703114979,0.010253906249937415,0.01251220703117363,0.011047363281182571,0.013854980468665436,0.02264404296861179,0.025817871093592418,0.06646728515584431,0.4606323242159385,0.0,0.0380859375,0.03515625,0.0390625,0.0185546875,0.0517578125,0.0,0.033203125,0.0869140625,0.0,0.017578125,0.017578125,0.033203125,0.0341796875,0.0693359375,0.0,0
0.042114257812242956,0.027160644531084223,0.01928710937488228,0.012634277343672886,0.008117675781200453,0.008911132812445611,0.006347656249961257,0.010742187499934434,0.012878417968671396,0.013549804687417299,0.015624999999904632,0.026916503906085715,0.0637817382808607,0.036743164062275735,0.019653320312380044,0.02148437499986887,0.014404296874912082,0.01641845703114979,0.010253906249937415,0.012451171874924003,0.011047363281182571,0.013916015624915063,0.02264404296861179,0.025817871093592418,0.06646728515584431,0.4606323242159385,0.0,0.0693359375,0.0341796875,0.033203125,0.017578125,0.017578125,0.0,0.0869140625,0.033203125,0.0,0.0517578125,0.0185546875,0.0390625,0.03515625,0.0380859375,0.0,0
0.042114257812242956,0.025451660156094656,0.018310546874888242,0.0111083984374322,0.009704589843690768,0.009033203124944865,0.007568359374953806,0.010925292968683317,0.013610839843666926,0.013671874999916553,0.01660156249989867,0.029052734374822677,0.06475830078085475,0.0382080078122668,0.019897460937378555,0.023986816406103596,0.015624999999904632,0.01708984374989569,0.011169433593681827,0.01208496093742624,0.01159667968742922,0.014648437499910592,0.02319335937485844,0.025451660156094656,0.0644531249996066,0.4506835937472492,0.0390625,0.03515625,0.037109375,0.0,0.03125,0.0,0.052734375,0.0185546875,0.017578125,0.017578125,0.0,0.0859375,0.0,0.068359375,0.0322265625,0.033203125,0
0.044738769530976934,0.028564453124825657,0.016235351562400906,0.011230468749931454,0.007934570312451572,0.008422851562448591,0.008178710937450082,0.010986328124932944,0.013854980468665436,0.014526367187411338,0.016723632812397925,0.028259277343577516,0.05816650390589498,0.03375244140604399,0.02099609374987185,0.022033691406115517,0.014648437499910592,0.017517089843643082,0.010314941406187042,0.011901855468677357,0.01275634765617214,0.014587402343660965,0.01995849609362818,0.024841308593598378,0.1040039062493652,0.4248657226536568,0.0390625,0.03515625,0.037109375,0.0,0.033203125,0.0,0.037109375,0.015625,0.017578125,0.0166015625,0.0,0.060546875,0.0,0.0693359375,0.033203125,0.0322265625,0
0.040100097656005244,0.023803710937354713,0.016357421874900163,0.009948730468689278,0.008544921874947846,0.008361816406198963,0.007507324218704179,0.010192871093687788,0.011291503906181081,0.012390136718674376,0.016052246093652023,0.02801513671857901,0.06500244140585325,0.030456542968564107,0.021362304687369615,0.01568603515615426,0.014099121093663946,0.013549804687417299,0.01086425781243369,0.01037597656243667,0.011291503906181081,0.011779785156178101,0.016357421874900163,0.0228881835936103,0.1566772460927937,0.4070434570287656,0.0791015625,0.0673828125,0.0146484375,0.03125,0.0390625,0.0,0.044921875,0.0546875,0.052734375,0.0283203125,0.0,0.0751953125,0.03125,0.0693359375,0.0751953125,0.0625,0
0.031982421874804795,0.02551269531234428,0.015808105468653515,0.010742187499934434,0.008178710937450082,0.008239746093699709,0.007812499999952316,0.007751464843702689,0.00964355468744114,0.012878417968671396,0.01641845703114979,0.02557373046859391,0.06842041015583239,0.033081054687298085,0.021057128906121478,0.02075195312487334,0.01257324218742326,0.01324462890616916,0.008422851562448591,0.009155273437444121,0.010925292968683317,0.013122558593669906,0.01855468749988675,0.02746582031233236,0.1508789062490791,0.4118041992162365,0.0654296875,0.03125,0.0634765625,0.03125,0.0546875,0.0,0.0478515625,0.0078125,0.037109375,0.0048828125,0.0,0.0849609375,0.0498046875,0.072265625,0.03125,0.07421875,0
0.025329589843595398,0.017272949218644574,0.01397705078116469,0.010986328124932944,0.01275634765617214,0.010559082031185552,0.009826660156190022,0.015624999999904632,0.016479492187399417,0.021118164062371103,0.025756835937342792,0.04150390624974668,0.04791259765595756,0.041381835937247424,0.02752685546858199,0.02313232421860881,0.016723632812397925,0.016235351562400906,0.012207031249925494,0.013793945312415809,0.01397705078116469,0.019897460937378555,0.02606201171859093,0.024902343749848007,0.18481445312387199,0.3102416992168564,0.01171875,0.09765625,0.048828125,0.123046875,0.0869140625,0.0615234375,0.0,0.0732421875,0.1181640625,0.0,0.0,0.1318359375,0.0869140625,0.146484375,0.0791015625,0.0966796875,0
0.027893066406079754,0.01861572265613638,0.016540527343649043,0.013610839843666926,0.014892578124909102,0.012145996093675867,0.012451171874924003,0.018432617187387496,0.020874023437372595,0.026306152343589437,0.0339965820310425,0.05267333984342851,0.05718994140590094,0.056701660155903916,0.03588867187478095,0.03204345703105442,0.020568847656124458,0.01904296874988377,0.012451171874924003,0.013610839843666926,0.013183593749919533,0.015197753906157239,0.01947021484363116,0.02148437499986887,0.05474853515591584,0.3599853515603028,0.123046875,0.048828125,0.099609375,0.01171875,0.0771484375,0.0,0.060546875,0.08984375,0.130859375,0.0,0.0,0.1240234375,0.08984375,0.0498046875,0.1435546875,0.0869140625,0
0.027893066406079754,0.01861572265613638,0.016540527343649043,0.013610839843666926,0.014892578124909102,0.012145996093675867,0.012451171874924003,0.018432617187387496,0.020874023437372595,0.026306152343589437,0.033935546874792874,0.05273437499967813,0.05718994140590094,0.05664062499965429,0.03594970703103058,0.03204345703105442,0.020568847656124458,0.01904296874988377,0.012451171874924003,0.013610839843666926,0.013183593749919533,0.015197753906157239,0.01947021484363116,0.02148437499986887,0.05474853515591584,0.3599853515603028,0.0869140625,0.142578125,0.0498046875,0.0908203125,0.1240234375,0.0,0.0,0.12890625,0.091796875,0.060546875,0.0,0.076171875,0.01171875,0.099609375,0.048828125,0.1240234375,0
0.024291992187351733,0.014831542968659475,0.01324462890616916,0.011779785156178101,0.010742187499934434,0.009826660156190022,0.009155273437444121,0.014099121093663946,0.016906738281146808,0.020690917968623712,0.02941894531232044,0.04974365234344639,0.04901123046845086,0.05743408203089945,0.03356933593729511,0.03527832031228468,0.02362060546860583,0.0246582031248495,0.012939453124921023,0.013183593749919533,0.015624999999904632,0.016723632812397925,0.023559570312356202,0.02386474609360434,0.11981201171801872,0.3259887695292603,0.0166015625,0.0966796875,0.05078125,0.123046875,0.0556640625,0.0615234375,0.0,0.125,0.09765625,0.0,0.0,0.1611328125,0.08203125,0.14453125,0.0546875,0.0986328125,0
0.03161621093730703,0.017272949218644574,0.01660156249989867,0.01446533203116171,0.01397705078116469,0.013305664062418789,0.013183593749919533,0.01861572265613638,0.02166748046861775,0.028076171874828637,0.03417968749979138,0.052246093749681116,0.054199218749669195,0.048400878905954584,0.03350830078104548,0.03015136718731597,0.021606445312368123,0.018432617187387496,0.013122558593669906,0.013671874999916553,0.013854980468665436,0.0142211914061632,0.01812744140613936,0.02148437499986887,0.07452392578079514,0.3494873046853669,0.01171875,0.064453125,0.046875,0.119140625,0.07421875,0.0361328125,0.0,0.03125,0.0732421875,0.0,0.0,0.0322265625,0.0830078125,0.1318359375,0.033203125,0.046875,0
0.02270507812486142,0.017211914062394945,0.012878417968671396,0.013854980468665436,0.013183593749919533,0.013122558593669906,0.01257324218742326,0.015319824218656495,0.017211914062394945,0.02313232421860881,0.031005859374810756,0.0499877929684449,0.06500244140585325,0.04675292968721464,0.033935546874792874,0.02416992187485248,0.021362304687369615,0.01660156249989867,0.010986328124932944,0.01086425781243369,0.011413574218680337,0.015075683593657985,0.015380859374906122,0.02008056640612744,0.14721679687410144,0.31896972656055317,0.0439453125,0.0986328125,0.0361328125,0.0966796875,0.0771484375,0.0439453125,0.0,0.1064453125,0.126953125,0.0,0.0,0.1669921875,0.087890625,0.0625,0.0693359375,0.1103515625,0
0.02551269531234428,0.014587402343660965,0.016479492187399417,0.012878417968671396,0.01159667968742922,0.011474609374929964,0.011962890624926984,0.013854980468665436,0.018249511718638613,0.022521972656112537,0.03320312499979734,0.05059814453094117,0.06304931640586517,0.04498291015597544,0.03570556640603207,0.0246582031248495,0.021179199218620732,0.018310546874888242,0.012939453124921023,0.011474609374929964,0.01251220703117363,0.01281738281242177,0.015441894531155749,0.016357421874900163,0.15344238281156344,0.3142089843730822,0.05078125,0.0703125,0.0947265625,0.0751953125,0.091796875,0.072265625,0.0,0.02734375,0.09375,0.0,0.0107421875,0.107421875,0.154296875,0.1025390625,0.1484375,0.0634765625,0
0.04272460937473923,0.02557373046859391,0.017883300781140848,0.013122558593669906,0.011718749999928474,0.010742187499934434,0.010803222656184061,0.01251220703117363,0.013549804687417299,0.016357421874900163,0.020324707031125946,0.03228759765605293,0.051513671874685585,0.03894042968726232,0.025268554687345773,0.0222167968748644,0.0166625976561483,0.013366699218668416,0.010803222656184061,0.011291503906181081,0.01202392578117661,0.013916015624915063,0.01715087890614532,0.023315429687357694,0.13543701171792336,0.38049316406017764,0.0771484375,0.033203125,0.0419921875,0.0546875,0.162109375,0.111328125,0.0087890625,0.1396484375,0.12890625,0.05078125,0.0791015625,0.2099609375,0.0703125,0.1396484375,0.060546875,0.0498046875,0
0.045166015624724325,0.026245117187339812,0.01904296874988377,0.015197753906157239,0.013122558593669906,0.01257324218742326,0.01184082031242773,0.015624999999904632,0.01611328124990165,0.022033691406115517,0.025207519531096144,0.039001464843511954,0.060363769530881566,0.046142578124718364,0.031188964843559635,0.02697753906233534,0.01708984374989569,0.015624999999904632,0.013183593749919533,0.013671874999916553,0.011657714843678847,0.01159667968742922,0.013427734374918043,0.023803710937354713,0.037597656249770524,0.41650390624745787,0.0537109375,0.041015625,0.033203125,0.1025390625,0.15234375,0.0,0.06640625,0.1630859375,0.1689453125,0.0673828125,0.0146484375,0.1298828125,0.0390625,0.056640625,0.0849609375,0.064453125,0
0.045166015624724325,0.026245117187339812,0.01904296874988377,0.015197753906157239,0.013122558593669906,0.01257324218742326,0.01184082031242773,0.015624999999904632,0.01611328124990165,0.022033691406115517,0.025207519531096144,0.039001464843511954,0.060363769530881566,0.046142578124718364,0.031188964843559635,0.02697753906233534,0.01708984374989569,0.015624999999904632,0.013183593749919533,0.013671874999916553,0.011657714843678847,0.01159667968742922,0.013427734374918043,0.023803710937354713,0.037597656249770524,0.41650390624745787,0.0615234375,0.0849609375,0.056640625,0.0390625,0.130859375,0.0146484375,0.0673828125,0.1904296875,0.1708984375,0.06640625,0.0,0.142578125,0.09765625,0.033203125,0.041015625,0.0537109375,0
0.0444335937497288,0.026916503906085715,0.019226074218632653,0.014831542968659475,0.01257324218742326,0.01275634765617214,0.011047363281182571,0.015380859374906122,0.015747070312403886,0.021057128906121478,0.027770996093580497,0.03784179687476903,0.05883789062464088,0.04681396484346427,0.03216552734355368,0.02703857421858497,0.017333984374894203,0.015869140624903143,0.013916015624915063,0.012451171874924003,0.01275634765617214,0.011535644531179591,0.014892578124909102,0.023254394531108065,0.0377807617185194,0.4157714843724623,0.158203125,0.0361328125,0.041015625,0.08203125,0.1513671875,0.06640625,0.0126953125,0.1884765625,0.1142578125,0.0400390625,0.0986328125,0.220703125,0.0810546875,0.130859375,0.0732421875,0.0205078125,0
0.04638671874971688,0.028320312499827145,0.019836425781128927,0.0142211914061632,0.01373291015616618,0.013305664062418789,0.01226806640617512,0.016357421874900163,0.015502929687405378,0.02093505859362222,0.02362060546860583,0.03784179687476903,0.05395507812467068,0.04064941406225189,0.025268554687345773,0.02148437499986887,0.013305664062418789,0.011962890624926984,0.010681152343684807,0.01226806640617512,0.01159667968742922,0.01348876953116767,0.017517089843643082,0.029724121093568576,0.04791259765595756,0.42785644530988853,0.06640625,0.0322265625,0.0400390625,0.0283203125,0.1181640625,0.0,0.0,0.1376953125,0.0576171875,0.0,0.0,0.1416015625,0.0537109375,0.0380859375,0.0361328125,0.021484375,0
0.040100097656005244,0.021301269531119986,0.018310546874888242,0.015319824218656495,0.01281738281242177,0.010437011718686297,0.010925292968683317,0.013671874999916553,0.015624999999904632,0.022094726562365143,0.025390624999845027,0.039001464843511954,0.05834960937464386,0.047119140624712404,0.029785156249818204,0.023803710937354713,0.01812744140613936,0.01568603515615426,0.01232910156242475,0.01184082031242773,0.01251220703117363,0.010925292968683317,0.013122558593669906,0.017761230468641594,0.13763427734290995,0.34600830077913813,0.0732421875,0.0546875,0.0693359375,0.078125,0.138671875,0.068359375,0.03125,0.2021484375,0.1201171875,0.0390625,0.087890625,0.1318359375,0.0380859375,0.0947265625,0.0869140625,0.068359375,0
0.04272460937473923,0.022277832031114025,0.016540527343649043,0.014343261718662455,0.01348876953116767,0.01226806640617512,0.0111083984374322,0.01251220703117363,0.017700195312391965,0.01995849609362818,0.023803710937354713,0.03552246093728319,0.06103515624962747,0.045166015624724325,0.03131103515605889,0.023071289062359182,0.018371582031137867,0.01470947265616022,0.013549804687417299,0.011535644531179591,0.010986328124932944,0.009216308593693748,0.013061523437420279,0.017517089843643082,0.1401977539053943,0.3480224609353758,0.05078125,0.0595703125,0.0625,0.07421875,0.166015625,0.0986328125,0.0283203125,0.1044921875,0.0830078125,0.0341796875,0.0732421875,0.205078125,0.111328125,0.10546875,0.06640625,0.0341796875,0
0.013671874999916553,0.010253906249937415,0.01062011718743518,0.01062011718743518,0.013427734374918043,0.01617431640615128,0.018798828124885262,0.020568847656124458,0.023742675781105085,0.028320312499827145,0.03454589843728915,0.05493164062466472,0.07128906249956489,0.06005859374963343,0.03247070312480181,0.028869628906073794,0.019836425781128927,0.02215576171861477,0.011718749999928474,0.012695312499922513,0.014038085937414319,0.01849365234363712,0.017272949218644574,0.01251220703117363,0.2537231445297014,0.16918945312396735,0.05859375,0.0625,0.0791015625,0.046875,0.0595703125,0.0,0.01171875,0.05078125,0.0625,0.0,0.0,0.05078125,0.076171875,0.03125,0.03125,0.0537109375,0
0.01617431640615128,0.01086425781243369,0.013366699218668416,0.011901855468677357,0.014892578124909102,0.019836425781128927,0.02142333984361924,0.02868652343732491,0.032958984374798835,0.04071044921850152,0.05371093749967217,0.07678222656203136,0.10919189453058355,0.07714843749952913,0.045166015624724325,0.03521728515603505,0.02270507812486142,0.01953124999988079,0.011901855468677357,0.013183593749919533,0.014892578124909102,0.01953124999988079,0.016784667968647554,0.014587402343660965,0.028137207031078262,0.23071289062359182,0.0458984375,0.0791015625,0.0654296875,0.080078125,0.05078125,0.01171875,0.0,0.091796875,0.05078125,0.0,0.0,0.0712890625,0.0537109375,0.03125,0.03125,0.0751953125,0
0.01617431640615128,0.01086425781243369,0.013366699218668416,0.011901855468677357,0.014892578124909102,0.019836425781128927,0.02142333984361924,0.02868652343732491,0.032958984374798835,0.04071044921850152,0.05371093749967217,0.07678222656203136,0.10919189453058355,0.07714843749952913,0.045166015624724325,0.03527832031228468,0.02264404296861179,0.01953124999988079,0.011901855468677357,0.013183593749919533,0.014892578124909102,0.01953124999988079,0.016784667968647554,0.014587402343660965,0.028137207031078262,0.23071289062359182,0.0751953125,0.03125,0.03125,0.0537109375,0.0712890625,0.0,0.0,0.05078125,0.091796875,0.0,0.01171875,0.05078125,0.080078125,0.0654296875,0.0791015625,0.048828125,0
0.013305664062418789,0.00988769531243965,0.013427734374918043,0.010986328124932944,0.013671874999916553,0.018371582031137867,0.020690917968623712,0.028320312499827145,0.031555175781057404,0.0413208007809978,0.054626464843416586,0.07708740234327949,0.10705566406184658,0.0784301757807713,0.045898437499719856,0.03680419921852536,0.022827148437360674,0.019653320312380044,0.011901855468677357,0.01324462890616916,0.016296386718650534,0.020385742187375575,0.017822265624891222,0.014038085937414319,0.03112792968731001,0.2312622070298385,0.09765625,0.0654296875,0.08203125,0.0478515625,0.091796875,0.0,0.017578125,0.05078125,0.0791015625,0.0,0.0,0.0615234375,0.0751953125,0.03125,0.03125,0.0537109375,0
0.018371582031137867,0.014770507812409848,0.012695312499922513,0.014404296874912082,0.015319824218656495,0.019653320312380044,0.020874023437372595,0.023925781249853968,0.026916503906085715,0.03442382812478989,0.046203613280967996,0.07092285156206712,0.09106445312444418,0.0700073242183227,0.044738769530976934,0.0364379882810276,0.025756835937342792,0.02435302734360136,0.014160156249913573,0.01348876953116767,0.013427734374918043,0.016235351562400906,0.016357421874900163,0.0166625976561483,0.04974365234344639,0.2490844726547297,0.044921875,0.0615234375,0.080078125,0.0419921875,0.03125,0.0,0.01171875,0.0400390625,0.03125,0.0,0.0,0.03125,0.03125,0.0,0.0,0.0322265625,0
0.014770507812409848,0.010437011718686297,0.01257324218742326,0.012634277343672886,0.015563964843655005,0.017333984374894203,0.021057128906121478,0.019348144531131907,0.025817871093592418,0.0328979492185492,0.045898437499719856,0.07672119140578172,0.10107421874938309,0.06835937499958276,0.048156738280956075,0.030273437499815224,0.019897460937378555,0.015441894531155749,0.009094238281194492,0.007324218749955296,0.010803222656184061,0.01641845703114979,0.016235351562400906,0.013183593749919533,0.1315917968741968,0.207092285154986,0.078125,0.08203125,0.0732421875,0.0625,0.0595703125,0.0,0.0546875,0.0751953125,0.087890625,0.0,0.0,0.0771484375,0.064453125,0.0361328125,0.0166015625,0.03125,0
0.016723632812397925,0.011169433593681827,0.01202392578117661,0.01202392578117661,0.01275634765617214,0.017211914062394945,0.019714355468629673,0.022094726562365143,0.030273437499815224,0.04168701171849556,0.048156738280956075,0.06402587890585922,0.09649658203066103,0.059692382812135666,0.04052734374975264,0.02514648437484652,0.021179199218620732,0.015808105468653515,0.010803222656184061,0.011962890624926984,0.013427734374918043,0.01855468749988675,0.01593017578115277,0.012695312499922513,0.132873535155439,0.21704101562367528,0.044921875,0.0634765625,0.080078125,0.0771484375,0.0966796875,0.0,0.0,0.0625,0.080078125,0.0,0.0,0.0859375,0.0576171875,0.048828125,0.037109375,0.0576171875,0
0.029541015624819696,0.02191162109361626,0.015197753906157239,0.014038085937414319,0.010742187499934434,0.009033203124944865,0.010559082031185552,0.010742187499934434,0.01251220703117363,0.016479492187399417,0.0204467773436252,0.039123535156011205,0.057556152343398705,0.047851562499707935,0.023925781249853968,0.02459716796859987,0.016296386718650534,0.01611328124990165,0.01037597656243667,0.009582519531191512,0.01159667968742922,0.015258789062406868,0.024963378906097636,0.025695800781093164,0.23016357421734518,0.2756958007795673,0.0341796875,0.05078125,0.03125,0.0361328125,0.1171875,0.0908203125,0.0283203125,0.107421875,0.0615234375,0.0,0.0693359375,0.0341796875,0.1953125,0.1015625,0.08203125,0.1494140625,0
0.032714843749800326,0.023071289062359182,0.019226074218632653,0.01611328124990165,0.013916015624915063,0.012939453124921023,0.012207031249925494,0.01348876953116767,0.015319824218656495,0.021057128906121478,0.03057861328106336,0.05175781249968409,0.08209228515574894,0.05364990234342255,0.0322265624998033,0.023925781249853968,0.019348144531131907,0.01495361328115873,0.013916015624915063,0.014526367187411338,0.012634277343672886,0.015869140624903143,0.019348144531131907,0.022277832031114025,0.05810546874964535,0.35473632812283484,0.0361328125,0.03125,0.05078125,0.0458984375,0.10546875,0.0205078125,0.0869140625,0.119140625,0.0478515625,0.068359375,0.0,0.0615234375,0.1484375,0.083984375,0.1015625,0.2001953125,0
0.032714843749800326,0.023071289062359182,0.019226074218632653,0.01611328124990165,0.013916015624915063,0.012939453124921023,0.012207031249925494,0.01348876953116767,0.015319824218656495,0.021057128906121478,0.030517578124813736,0.05181884765593372,0.08203124999949932,0.05371093749967217,0.0322265624998033,0.02386474609360434,0.019409179687381536,0.01495361328115873,0.013916015624915063,0.014526367187411338,0.012634277343672886,0.015869140624903143,0.019348144531131907,0.022277832031114025,0.05810546874964535,0.35473632812283484,0.2001953125,0.1015625,0.083984375,0.146484375,0.0615234375,0.0,0.0673828125,0.0517578125,0.119140625,0.0869140625,0.0205078125,0.10546875,0.0458984375,0.05078125,0.03125,0.0361328125,0
0.02917480468732193,0.022033691406115517,0.018859863281134887,0.018676757812386004,0.013122558593669906,0.011474609374929964,0.011718749999928474,0.013122558593669906,0.015991210937402398,0.02172851562486738,0.02966308593731895,0.050781249999690053,0.08172607421825118,0.05407714843716994,0.0322265624998033,0.025756835937342792,0.01947021484363116,0.016296386718650534,0.013061523437420279,0.0142211914061632,0.011901855468677357,0.014282226562412828,0.018310546874888242,0.02246093749986291,0.05651855468715503,0.36334228515403233,0.0361328125,0.05078125,0.03125,0.0361328125,0.111328125,0.103515625,0.0322265625,0.0830078125,0.0615234375,0.0,0.064453125,0.0537109375,0.1806640625,0.1083984375,0.080078125,0.14453125,0
0.03387451171854324,0.022827148437360674,0.01855468749988675,0.01470947265616022,0.013916015624915063,0.01397705078116469,0.01251220703117363,0.01300048828117065,0.016357421874900163,0.021545410156118498,0.027099609374834598,0.0488891601559516,0.06988525390582345,0.05285644531217739,0.03131103515605889,0.02514648437484652,0.0166625976561483,0.017517089843643082,0.011535644531179591,0.013122558593669906,0.011901855468677357,0.014343261718662455,0.019348144531131907,0.024230957031102104,0.071105957030816,0.3637695312477797,0.0302734375,0.05078125,0.03125,0.0361328125,0.078125,0.0185546875,0.00390625,0.0947265625,0.060546875,0.0,0.06640625,0.0361328125,0.1953125,0.1064453125,0.083984375,0.1171875,0
0.02819824218732789,0.0204467773436252,0.01660156249989867,0.013183593749919533,0.01208496093742624,0.010559082031185552,0.010925292968683317,0.013183593749919533,0.015441894531155749,0.019226074218632653,0.028808593749824165,0.04791259765595756,0.08215332031199857,0.049804687499696014,0.030456542968564107,0.023498535156106577,0.01660156249989867,0.015136718749907612,0.01226806640617512,0.011962890624926984,0.011291503906181081,0.013122558593669906,0.016540527343649043,0.02050781249987483,0.15167236328032427,0.3084106445293676,0.052734375,0.0546875,0.0556640625,0.03125,0.10546875,0.0703125,0.0478515625,0.15625,0.0791015625,0.0,0.056640625,0.03515625,0.1103515625,0.1591796875,0.1142578125,0.119140625,0
0.028503417968576028,0.018859863281134887,0.017517089843643082,0.015441894531155749,0.01275634765617214,0.011718749999928474,0.01300048828117065,0.01300048828117065,0.014587402343660965,0.02026367187487632,0.03149414062480777,0.05035400390594266,0.07897949218701794,0.05157470703093521,0.03186035156230554,0.020629882812374083,0.01641845703114979,0.014038085937414319,0.011169433593681827,0.01184082031242773,0.012390136718674376,0.014099121093663946,0.018249511718638613,0.017456054687393457,0.15216064453032127,0.301635742185659,0.10546875,0.03515625,0.05859375,0.078125,0.099609375,0.1103515625,0.0224609375,0.080078125,0.09765625,0.0,0.087890625,0.08203125,0.16015625,0.109375,0.0986328125,0.05078125,0
0.024902343749848007,0.012451171874924003,0.017761230468641594,0.015563964843655005,0.012939453124921023,0.013671874999916553,0.015258789062406868,0.015808105468653515,0.016052246093652023,0.017456054687393457,0.02148437499986887,0.032958984374798835,0.05438232421841807,0.04302978515598736,0.0204467773436252,0.02166748046861775,0.013793945312415809,0.017028808593646062,0.011230468749931454,0.011230468749931454,0.011901855468677357,0.014892578124909102,0.015197753906157239,0.008300781249949336,0.3646850585915241,0.17590332031142636,0.0546875,0.03515625,0.03125,0.03515625,0.0654296875,0.029296875,0.0,0.0458984375,0.107421875,0.091796875,0.009765625,0.130859375,0.091796875,0.0986328125,0.1337890625,0.0595703125,0
0.027832031249830125,0.014831542968659475,0.02166748046861775,0.021057128906121478,0.014892578124909102,0.017944335937390476,0.017517089843643082,0.021118164062371103,0.023315429687357694,0.026672363281087203,0.03234863281230256,0.049682617187196756,0.07470703124954402,0.061340332030875605,0.03204345703105442,0.0322265624998033,0.022094726562365143,0.025939941406091675,0.018432617187387496,0.01995849609362818,0.017700195312391965,0.02270507812486142,0.0222167968748644,0.017028808593646062,0.07159423828081302,0.27313232421708294,0.0361328125,0.03125,0.0361328125,0.0546875,0.0458984375,0.0,0.0,0.0498046875,0.126953125,0.001953125,0.0322265625,0.08984375,0.0595703125,0.03125,0.03125,0.060546875,0
0.027832031249830125,0.014831542968659475,0.02166748046861775,0.021057128906121478,0.014892578124909102,0.017944335937390476,0.017517089843643082,0.021118164062371103,0.023315429687357694,0.026672363281087203,0.03234863281230256,0.049682617187196756,0.07470703124954402,0.061340332030875605,0.03204345703105442,0.0322265624998033,0.022094726562365143,0.025878906249842046,0.01849365234363712,0.01995849609362818,0.017700195312391965,0.02270507812486142,0.0222167968748644,0.017028808593646062,0.07159423828081302,0.27313232421708294,0.060546875,0.03125,0.03125,0.056640625,0.087890625,0.0322265625,0.001953125,0.1357421875,0.044921875,0.0,0.0,0.0458984375,0.0537109375,0.0361328125,0.03125,0.0361328125,0
0.02746582031233236,0.015808105468653515,0.02191162109361626,0.019836425781128927,0.01495361328115873,0.018249511718638613,0.017028808593646062,0.021057128906121478,0.022949218749859928,0.026733398437336832,0.03204345703105442,0.049560546874697506,0.07537841796828992,0.062316894530869645,0.03192138671855516,0.03149414062480777,0.02215576171861477,0.025817871093592418,0.01849365234363712,0.0204467773436252,0.019836425781128927,0.023254394531108065,0.02264404296861179,0.017517089843643082,0.07092285156206712,0.2702026367171008,0.0625,0.0361328125,0.03125,0.0361328125,0.0498046875,0.0,0.0,0.0703125,0.0888671875,0.046875,0.0078125,0.1240234375,0.0732421875,0.03125,0.0712890625,0.08203125,0
0.03356933593729511,0.016845703124897183,0.0197753906248793,0.01898193359363414,0.016296386718650534,0.018676757812386004,0.016357421874900163,0.01898193359363414,0.019714355468629673,0.020629882812374083,0.02893066406232342,0.04388427734348215,0.05737304687464982,0.05340576171842403,0.030822753906061873,0.032104492187304046,0.022949218749859928,0.023254394531108065,0.018371582031137867,0.018310546874888242,0.01812744140613936,0.02416992187485248,0.02606201171859093,0.02386474609360434,0.09295654296818263,0.28558349609200695,0.04296875,0.03125,0.03125,0.03515625,0.0458984375,0.0,0.0,0.0458984375,0.0205078125,0.0,0.0,0.099609375,0.052734375,0.0322265625,0.0341796875,0.064453125,0
0.022094726562365143,0.01715087890614532,0.021301269531119986,0.017211914062394945,0.012451171874924003,0.014587402343660965,0.013610839843666926,0.015136718749907612,0.018737792968635633,0.02148437499986887,0.029052734374822677,0.047851562499707935,0.06945800781207606,0.05596923828090839,0.03161621093730703,0.022949218749859928,0.017883300781140848,0.01715087890614532,0.015197753906157239,0.017272949218644574,0.016296386718650534,0.01806640624988973,0.01953124999988079,0.016296386718650534,0.17877197265515885,0.2528686523422066,0.0634765625,0.0478515625,0.0537109375,0.03125,0.0322265625,0.02734375,0.02734375,0.0966796875,0.12109375,0.013671875,0.013671875,0.0947265625,0.0927734375,0.0361328125,0.046875,0.0791015625,0
0.024414062499850987,0.011413574218680337,0.017700195312391965,0.016784667968647554,0.015136718749907612,0.01715087890614532,0.015563964843655005,0.018676757812386004,0.023315429687357694,0.024902343749848007,0.02990722656231746,0.048522949218453834,0.07366943359330036,0.049499511718447874,0.03149414062480777,0.028259277343577516,0.022338867187363654,0.02050781249987483,0.016723632812397925,0.015441894531155749,0.015075683593657985,0.017517089843643082,0.018859863281134887,0.014526367187411338,0.17791748046766406,0.23468017577981762,0.056640625,0.0419921875,0.0517578125,0.0771484375,0.099609375,0.0029296875,0.0,0.0478515625,0.0283203125,0.0537109375,0.01953125,0.1181640625,0.0634765625,0.046875,0.064453125,0.0654296875,0
0.02166748046861775,0.018676757812386004,0.01037597656243667,0.008178710937450082,0.007995605468701199,0.009277343749943375,0.005737304687464982,0.010681152343684807,0.008789062499946355,0.01495361328115873,0.017272949218644574,0.0395507812497586,0.05157470703093521,0.06707763671834059,0.030944824218561127,0.03234863281230256,0.01959228515613042,0.019653320312380044,0.009094238281194492,0.007385253906204924,0.008728027343696728,0.010437011718686297,0.01324462890616916,0.012634277343672886,0.2847900390607618,0.2593383789046671,0.1279296875,0.1435546875,0.1591796875,0.12890625,0.095703125,0.1142578125,0.12109375,0.1142578125,0.1279296875,0.12890625,0.0859375,0.0654296875,0.1142578125,0.1376953125,0.123046875,0.09375,0
0.028076171874828637,0.024414062499850987,0.017517089843643082,0.01226806640617512,0.010192871093687788,0.012145996093675867,0.009216308593693748,0.012878417968671396,0.01257324218742326,0.019836425781128927,0.025878906249842046,0.05731201171840019,0.08898925781195685,0.08123779296825416,0.030761718749812244,0.02508544921859689,0.016906738281146808,0.015869140624903143,0.01135253906243071,0.012451171874924003,0.01202392578117661,0.015258789062406868,0.01953124999988079,0.02416992187485248,0.05383300781217143,0.35021972656036243,0.1220703125,0.1533203125,0.142578125,0.12890625,0.09765625,0.052734375,0.03125,0.08984375,0.0625,0.0224609375,0.0,0.0625,0.0654296875,0.048828125,0.0537109375,0.0673828125,0
0.028076171874828637,0.024414062499850987,0.017517089843643082,0.01226806640617512,0.010192871093687788,0.012145996093675867,0.009216308593693748,0.012878417968671396,0.01257324218742326,0.019836425781128927,0.025878906249842046,0.05731201171840019,0.08898925781195685,0.08123779296825416,0.030761718749812244,0.02508544921859689,0.016967773437396437,0.015747070312403886,0.011413574218680337,0.012451171874924003,0.01202392578117661,0.015258789062406868,0.01953124999988079,0.02416992187485248,0.05383300781217143,0.35021972656036243,0.0673828125,0.0537109375,0.048828125,0.0654296875,0.0625,0.0,0.021484375,0.0625,0.0888671875,0.03125,0.052734375,0.09765625,0.12890625,0.142578125,0.1484375,0.1220703125,0
0.01806640624988973,0.01947021484363116,0.015380859374906122,0.01184082031242773,0.008911132812445611,0.011474609374929964,0.009338378906193002,0.012207031249925494,0.014099121093663946,0.018920898437384516,0.025939941406091675,0.0562133789059069,0.08874511718695834,0.086669921874471,0.032409667968552186,0.02868652343732491,0.017456054687393457,0.017333984374894203,0.01208496093742624,0.012634277343672886,0.01202392578117661,0.015502929687405378,0.01904296874988377,0.02410888671860285,0.0499877929684449,0.3614501953102939,0.1376953125,0.14453125,0.1640625,0.126953125,0.08984375,0.1015625,0.0859375,0.0986328125,0.0703125,0.0615234375,0.0341796875,0.0625,0.06640625,0.0537109375,0.048828125,0.091796875,0
0.030395507812314478,0.02563476562484354,0.016967773437396437,0.0111083984374322,0.009765624999940395,0.01275634765617214,0.009460449218692258,0.01300048828117065,0.012207031249925494,0.019348144531131907,0.024963378906097636,0.047119140624712404,0.07928466796826608,0.06829833984333314,0.03283691406229958,0.027282714843583477,0.01806640624988973,0.014099121093663946,0.011291503906181081,0.01208496093742624,0.011474609374929964,0.015869140624903143,0.02270507812486142,0.02752685546858199,0.06793212890583537,0.35852050781031175,0.126953125,0.1416015625,0.126953125,0.1083984375,0.060546875,0.0,0.0,0.0654296875,0.03125,0.0,0.0,0.03125,0.044921875,0.03125,0.03125,0.046875,0
0.02801513671857901,0.01928710937488228,0.01593017578115277,0.012390136718674376,0.010925292968683317,0.009704589843690768,0.01013183593743816,0.00964355468744114,0.017517089843643082,0.017517089843643082,0.025329589843595398,0.05682373046840317,0.10247802734312451,0.0544433593746677,0.027832031249830125,0.02197265624986589,0.016052246093652023,0.012390136718674376,0.010253906249937415,0.011657714843678847,0.01202392578117661,0.013854980468665436,0.016784667968647554,0.019409179687381536,0.1652832031239912,0.28234863281077666,0.16015625,0.1875,0.1533203125,0.068359375,0.099609375,0.03125,0.0576171875,0.115234375,0.1044921875,0.0,0.0224609375,0.0556640625,0.0546875,0.060546875,0.046875,0.0634765625,0
0.02655029296858795,0.01904296874988377,0.015624999999904632,0.012939453124921023,0.011169433593681827,0.010192871093687788,0.010925292968683317,0.011230468749931454,0.018005371093640102,0.019836425781128927,0.03063964843731299,0.05072021484344043,0.10119628906188234,0.054199218749669195,0.02960205078106932,0.02050781249987483,0.01849365234363712,0.013061523437420279,0.012878417968671396,0.010009765624938905,0.011413574218680337,0.013305664062418789,0.01849365234363712,0.01757812499989271,0.16448974609274603,0.27789306640455386,0.064453125,0.1611328125,0.181640625,0.16015625,0.11328125,0.03125,0.0458984375,0.099609375,0.0625,0.0,0.0205078125,0.1142578125,0.05859375,0.05078125,0.0498046875,0.0634765625,0
0.02362060546860583,0.013549804687417299,0.012207031249925494,0.011047363281182571,0.010803222656184061,0.010681152343684807,0.011413574218680337,0.01226806640617512,0.015319824218656495,0.021545410156118498,0.03326416015604697,0.05004882812469452,0.08270263671824522,0.061889648437122254,0.03961181640600823,0.03387451171854324,0.023254394531108065,0.02215576171861477,0.01251220703117363,0.01202392578117661,0.00964355468744114,0.010070800781188532,0.010437011718686297,0.010925292968683317,0.254272460935948,0.1908569335925851,0.162109375,0.0615234375,0.0556640625,0.07421875,0.154296875,0.0654296875,0.009765625,0.091796875,0.080078125,0.0,0.068359375,0.0419921875,0.1494140625,0.130859375,0.0625,0.1416015625,0
0.02508544921859689,0.014404296874912082,0.014282226562412828,0.013061523437420279,0.015197753906157239,0.013305664062418789,0.014099121093663946,0.014770507812409848,0.02093505859362222,0.029541015624819696,0.04382324218723252,0.07672119140578172,0.12023925781176611,0.10369873046811706,0.06292724609336592,0.051635742187184835,0.03216552734355368,0.025207519531096144,0.01660156249989867,0.012878417968671396,0.009582519531191512,0.008178710937450082,0.008911132812445611,0.010070800781188532,0.022766113281111045,0.21990966796740777,0.0732421875,0.0556640625,0.052734375,0.1728515625,0.09765625,0.0,0.0,0.1298828125,0.03125,0.0,0.0,0.060546875,0.1142578125,0.0380859375,0.0859375,0.130859375,0
0.02508544921859689,0.014404296874912082,0.014282226562412828,0.013061523437420279,0.015197753906157239,0.013305664062418789,0.014099121093663946,0.014770507812409848,0.02093505859362222,0.029541015624819696,0.04382324218723252,0.07672119140578172,0.12023925781176611,0.10369873046811706,0.06292724609336592,0.051635742187184835,0.03216552734355368,0.025268554687345773,0.016540527343649043,0.012878417968671396,0.009582519531191512,0.008178710937450082,0.008911132812445611,0.010070800781188532,0.022766113281111045,0.21990966796740777,0.12890625,0.0859375,0.0380859375,0.1162109375,0.0673828125,0.0,0.0,0.03125,0.12890625,0.0,0.0,0.09765625,0.1728515625,0.0517578125,0.0556640625,0.0732421875,0
0.02337646484360732,0.015319824218656495,0.013671874999916553,0.01257324218742326,0.013671874999916553,0.01324462890616916,0.014526367187411338,0.014648437499910592,0.02050781249987483,0.030212402343565595,0.04339599609348513,0.07836914062452167,0.11859130859302618,0.10467529296811111,0.0637817382808607,0.049133300780950115,0.03204345703105442,0.026123046874840558,0.017944335937390476,0.01226806640617512,0.008972167968695238,0.008544921874947846,0.009094238281194492,0.011474609374929964,0.023498535156106577,0.22033691406115516,0.2119140625,0.0703125,0.0791015625,0.0966796875,0.1376953125,0.017578125,0.0,0.060546875,0.0615234375,0.0,0.0,0.083984375,0.115234375,0.0869140625,0.0458984375,0.1923828125,0
0.026733398437336832,0.015014648437408358,0.014343261718662455,0.01202392578117661,0.01208496093742624,0.01202392578117661,0.01470947265616022,0.018310546874888242,0.027343749999833106,0.03723144531227276,0.04937744140594862,0.07208251953081005,0.09942626953064315,0.08947753906195387,0.05059814453094117,0.037597656249770524,0.02099609374987185,0.01953124999988079,0.01281738281242177,0.012695312499922513,0.01208496093742624,0.008544921874947846,0.010559082031185552,0.016479492187399417,0.036621093749776484,0.26129150390465516,0.123046875,0.0361328125,0.0556640625,0.0634765625,0.1142578125,0.0,0.0,0.0390625,0.05078125,0.0,0.0,0.03125,0.1279296875,0.0634765625,0.0341796875,0.060546875,0
0.01763916015614234,0.013061523437420279,0.01202392578117661,0.013366699218668416,0.011779785156178101,0.012634277343672886,0.011230468749931454,0.01251220703117363,0.016235351562400906,0.023315429687357694,0.043518066405984386,0.08007812499951124,0.12634277343672887,0.09893798828064612,0.05987548828088455,0.03894042968726232,0.02362060546860583,0.020385742187375575,0.015014648437408358,0.01184082031242773,0.008911132812445611,0.006164550781212375,0.007385253906204924,0.006835937499958276,0.14923095703033917,0.1591186523427788,0.080078125,0.0869140625,0.0732421875,0.0703125,0.0703125,0.03125,0.021484375,0.1376953125,0.1123046875,0.0,0.009765625,0.068359375,0.0703125,0.0625,0.0712890625,0.0673828125,0
0.02008056640612744,0.009765624999940395,0.010559082031185552,0.011779785156178101,0.014526367187411338,0.014526367187411338,0.015869140624903143,0.018737792968635633,0.02337646484360732,0.030456542968564107,0.03851318359351493,0.07128906249956489,0.10394287109311558,0.09161376953069084,0.06225585937462002,0.0426635742184896,0.029296874999821185,0.022277832031114025,0.015563964843655005,0.01013183593743816,0.008300781249949336,0.007202148437456041,0.007324218749955296,0.0067138671874590215,0.1503906249990821,0.16284179687400607,0.0947265625,0.1142578125,0.0654296875,0.087890625,0.1513671875,0.0419921875,0.009765625,0.0390625,0.0224609375,0.0,0.0302734375,0.142578125,0.091796875,0.0517578125,0.0849609375,0.080078125,0
0.01849365234363712,0.014160156249913573,0.014526367187411338,0.011962890624926984,0.010009765624938905,0.012878417968671396,0.012695312499922513,0.017700195312391965,0.022827148437360674,0.028747558593574536,0.037048339843523875,0.05810546874964535,0.08129882812450379,0.06311035156211481,0.03387451171854324,0.036010742187280204,0.020812988281122966,0.021606445312368123,0.014770507812409848,0.013427734374918043,0.015136718749907612,0.017333984374894203,0.022033691406115517,0.01715087890614532,0.13104248046795017,0.25323486327970435,0.2431640625,0.1650390625,0.0966796875,0.1015625,0.16796875,0.0712890625,0.0458984375,0.18359375,0.078125,0.017578125,0.0146484375,0.14453125,0.0625,0.0615234375,0.111328125,0.046875,0
0.018432617187387496,0.015136718749907612,0.017333984374894203,0.01324462890616916,0.010803222656184061,0.01708984374989569,0.017028808593646062,0.02099609374987185,0.028076171874828637,0.03277587890604995,0.042114257812242956,0.07092285156206712,0.09216308593693748,0.06878662109333016,0.03375244140604399,0.031677246093556655,0.017822265624891222,0.01763916015614234,0.01373291015616618,0.015136718749907612,0.014648437499910592,0.015075683593657985,0.019653320312380044,0.01757812499989271,0.055175781249663235,0.28320312499827144,0.0927734375,0.091796875,0.1689453125,0.251953125,0.1630859375,0.0126953125,0.05859375,0.15234375,0.1357421875,0.0107421875,0.017578125,0.0771484375,0.0498046875,0.1083984375,0.0615234375,0.0634765625,0
0.018432617187387496,0.015136718749907612,0.017333984374894203,0.01324462890616916,0.010803222656184061,0.01708984374989569,0.017028808593646062,0.02099609374987185,0.028076171874828637,0.03277587890604995,0.04205322265599332,0.07098388671831675,0.09216308593693748,0.06878662109333016,0.03375244140604399,0.03161621093730703,0.017883300781140848,0.01757812499989271,0.013793945312415809,0.015136718749907612,0.014648437499910592,0.015075683593657985,0.019653320312380044,0.01757812499989271,0.055175781249663235,0.28320312499827144,0.0634765625,0.0615234375,0.1083984375,0.0498046875,0.0771484375,0.017578125,0.0107421875,0.138671875,0.15234375,0.0595703125,0.0126953125,0.1630859375,0.25390625,0.1689453125,0.091796875,0.0927734375,0
0.013793945312415809,0.009521484374941885,0.01159667968742922,0.009399414062442631,0.010009765624938905,0.014770507812409848,0.013549804687417299,0.019348144531131907,0.02270507812486142,0.02770996093733087,0.03979492187475711,0.06457519531210586,0.0828857421869941,0.06915283203082792,0.03186035156230554,0.03930664062476009,0.019165039062383024,0.02697753906233534,0.015258789062406868,0.01763916015614234,0.015380859374906122,0.018737792968635633,0.021850585937366634,0.02026367187487632,0.11706542968678549,0.24768066406098826,0.2509765625,0.166015625,0.0966796875,0.095703125,0.16015625,0.0595703125,0.0126953125,0.16796875,0.0693359375,0.017578125,0.0107421875,0.125,0.03515625,0.0322265625,0.0703125,0.0517578125,0
0.02124023437487036,0.016540527343649043,0.017822265624891222,0.015319824218656495,0.011291503906181081,0.013793945312415809,0.014282226562412828,0.019653320312380044,0.02166748046861775,0.02819824218732789,0.03540039062478393,0.060668945312129706,0.08428955078073554,0.06439208984335698,0.03588867187478095,0.03326416015604697,0.020568847656124458,0.02026367187487632,0.01568603515615426,0.015319824218656495,0.013183593749919533,0.01324462890616916,0.015991210937402398,0.019836425781128927,0.09252929687443524,0.27966308593579303,0.1796875,0.1533203125,0.064453125,0.05078125,0.134765625,0.0615234375,0.0107421875,0.1357421875,0.0673828125,0.0166015625,0.0078125,0.1220703125,0.0390625,0.0615234375,0.0966796875,0.009765625,0
0.019226074218632653,0.014099121093663946,0.01348876953116767,0.010925292968683317,0.01275634765617214,0.01281738281242177,0.014892578124909102,0.020324707031125946,0.02410888671860285,0.027832031249830125,0.03790283203101866,0.062316894530869645,0.09722900390565656,0.05541992187466174,0.03277587890604995,0.02270507812486142,0.016845703124897183,0.015075683593657985,0.011901855468677357,0.011230468749931454,0.010681152343684807,0.013427734374918043,0.017028808593646062,0.019653320312380044,0.15411376953030936,0.25122070312346667,0.228515625,0.09765625,0.0712890625,0.0791015625,0.189453125,0.0361328125,0.0,0.1533203125,0.076171875,0.029296875,0.0,0.126953125,0.0498046875,0.0595703125,0.07421875,0.125,0
0.018798828124885262,0.013671874999916553,0.014404296874912082,0.01232910156242475,0.01300048828117065,0.014526367187411338,0.01495361328115873,0.017761230468641594,0.02362060546860583,0.026611328124837578,0.038696289062263814,0.06457519531210586,0.09240722656193599,0.05505371093716398,0.02819824218732789,0.02142333984361924,0.016845703124897183,0.01495361328115873,0.01202392578117661,0.011291503906181081,0.01300048828117065,0.013427734374918043,0.018310546874888242,0.016967773437396437,0.15838623046778327,0.2547607421859451,0.07421875,0.2783203125,0.119140625,0.0966796875,0.1396484375,0.0869140625,0.03515625,0.115234375,0.1015625,0.005859375,0.0595703125,0.123046875,0.1142578125,0.087890625,0.109375,0.03515625,0
0.04522705078097396,0.029113769531072302,0.02215576171861477,0.020629882812374083,0.01849365234363712,0.015991210937402398,0.01470947265616022,0.015563964843655005,0.01898193359363414,0.020324707031125946,0.02770996093733087,0.04016113281225488,0.06964111328082494,0.036315917968528344,0.0228881835936103,0.02142333984361924,0.014038085937414319,0.01446533203116171,0.01251220703117363,0.013610839843666926,0.01275634765617214,0.016479492187399417,0.024291992187351733,0.023559570312356202,0.06262207031211778,0.36633300781026407,0.2724609375,0.2451171875,0.1630859375,0.3056640625,0.1884765625,0.1572265625,0.01953125,0.2119140625,0.0,0.2060546875,0.103515625,0.16796875,0.0078125,0.1640625,0.203125,0.2529296875,0
0.04571533203097097,0.028747558593574536,0.022521972656112537,0.02142333984361924,0.01898193359363414,0.016052246093652023,0.01495361328115873,0.016540527343649043,0.020385742187375575,0.021362304687369615,0.028747558593574536,0.042236328124742206,0.07434082031204625,0.03851318359351493,0.024841308593598378,0.020568847656124458,0.01470947265616022,0.01446533203116171,0.01226806640617512,0.012207031249925494,0.012939453124921023,0.016235351562400906,0.02410888671860285,0.02502441406234726,0.03979492187475711,0.37231445312272754,0.291015625,0.119140625,0.2490234375,0.2685546875,0.220703125,0.013671875,0.1533203125,0.185546875,0.181640625,0.0908203125,0.2021484375,0.0,0.2783203125,0.2236328125,0.1728515625,0.0078125,0
0.04571533203097097,0.028747558593574536,0.022521972656112537,0.02142333984361924,0.01898193359363414,0.016052246093652023,0.01495361328115873,0.016540527343649043,0.020385742187375575,0.021362304687369615,0.028747558593574536,0.042236328124742206,0.07434082031204625,0.03851318359351493,0.024841308593598378,0.020568847656124458,0.01470947265616022,0.01446533203116171,0.01226806640617512,0.012207031249925494,0.012939453124921023,0.016235351562400906,0.02410888671860285,0.02502441406234726,0.03979492187475711,0.37231445312272754,0.0078125,0.1728515625,0.2216796875,0.275390625,0.0,0.2080078125,0.1005859375,0.181640625,0.181640625,0.15625,0.017578125,0.220703125,0.2705078125,0.25,0.1201171875,0.291015625,0
0.044738769530976934,0.030273437499815224,0.023437499999856948,0.020629882812374083,0.019714355468629673,0.015808105468653515,0.0142211914061632,0.016723632812397925,0.020874023437372595,0.019897460937378555,0.030273437499815224,0.04315185546848662,0.074218749999547,0.03918457031226084,0.023803710937354713,0.021057128906121478,0.015319824218656495,0.013427734374918043,0.012878417968671396,0.013122558593669906,0.01251220703117363,0.01660156249989867,0.0246582031248495,0.02459716796859987,0.03936767578100972,0.3695068359352447,0.2900390625,0.2529296875,0.14453125,0.3056640625,0.18359375,0.154296875,0.005859375,0.212890625,0.0,0.205078125,0.166015625,0.23046875,0.0078125,0.185546875,0.2392578125,0.287109375,0
0.046142578124718364,0.02893066406232342,0.0228881835936103,0.020568847656124458,0.019714355468629673,0.016235351562400906,0.014587402343660965,0.016540527343649043,0.01898193359363414,0.020385742187375575,0.02752685546858199,0.03729248046852238,0.06970214843707456,0.03851318359351493,0.025207519531096144,0.020812988281122966,0.015502929687405378,0.013061523437420279,0.01208496093742624,0.012695312499922513,0.012939453124921023,0.015991210937402398,0.0222167968748644,0.024230957031102104,0.04626464843721762,0.38098144531017464,0.2099609375,0.162109375,0.091796875,0.28515625,0.138671875,0.078125,0.0009765625,0.203125,0.0,0.2080078125,0.123046875,0.181640625,0.0078125,0.1435546875,0.1826171875,0.267578125,0
0.04364013671848364,0.022094726562365143,0.02124023437487036,0.016845703124897183,0.016052246093652023,0.01617431640615128,0.014099121093663946,0.014648437499910592,0.01898193359363414,0.02026367187487632,0.02648925781233832,0.044189453124730285,0.06988525390582345,0.040405273437253385,0.022583007812362162,0.018249511718638613,0.015441894531155749,0.012390136718674376,0.010803222656184061,0.011779785156178101,0.009948730468689278,0.01232910156242475,0.020141601562377064,0.02239990234361328,0.14160156249913572,0.3173217773418132,0.1953125,0.208984375,0.1611328125,0.1904296875,0.2568359375,0.107421875,0.001953125,0.1943359375,0.0263671875,0.12890625,0.1171875,0.1552734375,0.03125,0.1181640625,0.123046875,0.1953125,0
0.04382324218723252,0.021545410156118498,0.020324707031125946,0.01708984374989569,0.017272949218644574,0.01373291015616618,0.013366699218668416,0.016296386718650534,0.01806640624988973,0.021118164062371103,0.02697753906233534,0.03863525390601419,0.07763671874952614,0.0371093749997735,0.021545410156118498,0.019348144531131907,0.01470947265616022,0.013183593749919533,0.01037597656243667,0.011535644531179591,0.01202392578117661,0.01348876953116767,0.0197753906248793,0.021057128906121478,0.14135742187413722,0.3186035156230554,0.13671875,0.2451171875,0.2177734375,0.1845703125,0.1181640625,0.1943359375,0.04296875,0.162109375,0.0703125,0.19921875,0.0908203125,0.19140625,0.11328125,0.203125,0.2109375,0.1826171875,0
